title,link
"[""Tom Clancy's Splinter Cell: Chaos Theory""]",['https://www.mobygames.com/game/20691/tom-clancys-splinter-cell-chaos-theory/']
['Ninja Gaiden Black'],['https://www.mobygames.com/game/22361/ninja-gaiden-black/']
['Forza Motorsport'],['https://www.mobygames.com/game/18696/forza-motorsport/']
['Project Gotham Racing 2'],['https://www.mobygames.com/game/11216/project-gotham-racing-2/']
['Burnout 3: Takedown'],['https://www.mobygames.com/game/14831/burnout-3-takedown/']
['Prince of Persia: The Sands of Time'],['https://www.mobygames.com/game/11185/prince-of-persia-the-sands-of-time/']
"[""Tom Clancy's Splinter Cell: Pandora Tomorrow""]",['https://www.mobygames.com/game/12671/tom-clancys-splinter-cell-pandora-tomorrow/']
['Grand Theft Auto: San Andreas'],['https://www.mobygames.com/game/15393/grand-theft-auto-san-andreas/']
['Star Wars: Knights of the Old Republic'],['https://www.mobygames.com/game/9734/star-wars-knights-of-the-old-republic/']
['Ninja Gaiden'],['https://www.mobygames.com/game/16619/ninja-gaiden/']
['Rockstar Games Double Pack: Grand Theft Auto'],['https://www.mobygames.com/game/10749/rockstar-games-double-pack-grand-theft-auto/']
['ESPN NFL 2K5'],['https://www.mobygames.com/game/14152/espn-nfl-2k5/']
['Burnout: Revenge'],['https://www.mobygames.com/game/19356/burnout-revenge/']
['Madden NFL 2005'],['https://www.mobygames.com/game/73287/madden-nfl-2005/']
['NFL 2K3'],['https://www.mobygames.com/game/7353/nfl-2k3/']
['Halo 2'],['https://www.mobygames.com/game/15499/halo-2/']
"[""Tom Clancy's Splinter Cell""]",['https://www.mobygames.com/game/7780/tom-clancys-splinter-cell/']
['NBA Street V3'],['https://www.mobygames.com/game/23801/nba-street-v3/']
['SoulCalibur II'],['https://www.mobygames.com/game/10183/soulcalibur-ii/']
['Brothers in Arms: Road to Hill 30'],['https://www.mobygames.com/game/17000/brothers-in-arms-road-to-hill-30/']
['Madden NFL 2004'],['https://www.mobygames.com/game/10021/madden-nfl-2004/']
['SSX 3'],['https://www.mobygames.com/game/10751/ssx-3/']
['RalliSport Challenge 2'],['https://www.mobygames.com/game/15556/rallisport-challenge-2/']
['World Series Baseball 2K3'],['https://www.mobygames.com/game/8726/world-series-baseball-2k3/']
['Crimson Skies: High Road to Revenge'],['https://www.mobygames.com/game/10832/crimson-skies-high-road-to-revenge/']
"[""Tony Hawk's Pro Skater 3""]",['https://www.mobygames.com/game/5279/tony-hawks-pro-skater-3/']
['The Chronicles of Riddick: Escape from Butcher Bay'],['https://www.mobygames.com/game/13531/the-chronicles-of-riddick-escape-from-butcher-bay/']
['ESPN NBA Basketball'],['https://www.mobygames.com/game/11234/espn-nba-basketball/']
['ESPN NFL Football'],['https://www.mobygames.com/game/10299/espn-nfl-football/']
['The Elder Scrolls III: Morrowind - Game of the Year Edition'],['https://www.mobygames.com/game/11430/the-elder-scrolls-iii-morrowind-game-of-the-year-edition/']
['Madden NFL 06'],['https://www.mobygames.com/game/18905/madden-nfl-06/']
['ESPN NHL 2K5'],['https://www.mobygames.com/game/14672/espn-nhl-2k5/']
['Fight Night Round 2'],['https://www.mobygames.com/game/17084/fight-night-round-2/']
"[""Tony Hawk's Pro Skater 4""]",['https://www.mobygames.com/game/7580/tony-hawks-pro-skater-4/']
['RalliSport Challenge'],['https://www.mobygames.com/game/5677/rallisport-challenge/']
['Jade Empire'],['https://www.mobygames.com/game/17863/jade-empire/']
['NCAA Football 2003'],['https://www.mobygames.com/game/7043/ncaa-football-2003/']
['Halo: Combat Evolved'],['https://www.mobygames.com/game/5368/halo-combat-evolved/']
"[""Tom Clancy's Rainbow Six 3: Black Arrow""]",['https://www.mobygames.com/game/19242/tom-clancys-rainbow-six-3-black-arrow/']
['MotoGP: Ultimate Racing Technology'],['https://www.mobygames.com/game/40791/motogp-ultimate-racing-technology/']
['Madden NFL 2002'],['https://www.mobygames.com/game/5163/madden-nfl-2002/']
['Colin McRae Rally 04'],['https://www.mobygames.com/game/10434/colin-mcrae-rally-04/']
['Far Cry: Instincts'],['https://www.mobygames.com/game/19775/far-cry-instincts/']
['Colin McRae Rally 3'],['https://www.mobygames.com/game/8684/colin-mcrae-rally-3/']
['Tiger Woods PGA Tour 2005'],['https://www.mobygames.com/game/15403/tiger-woods-pga-tour-2005/']
['The Elder Scrolls III: Morrowind'],['https://www.mobygames.com/game/6280/the-elder-scrolls-iii-morrowind/']
['NCAA Football 2004'],['https://www.mobygames.com/game/15623/ncaa-football-2004/']
['Panzer Dragoon Orta'],['https://www.mobygames.com/game/8522/panzer-dragoon-orta/']
"[""Tom Clancy's Splinter Cell: Double Agent""]",['https://www.mobygames.com/game/25576/tom-clancys-splinter-cell-double-agent/']
['ESPN NHL Hockey'],['https://www.mobygames.com/game/10360/espn-nhl-hockey/']
['NCAA Football 07'],['https://www.mobygames.com/game/34727/ncaa-football-07/']
['NBA 2K6'],['https://www.mobygames.com/game/35686/nba-2k6/']
['NBA Street Vol. 2'],['https://www.mobygames.com/game/9208/nba-street-vol-2/']
['NCAA Football 2005'],['https://www.mobygames.com/game/16406/ncaa-football-2005/']
['X-Men: Legends II - Rise of Apocalypse'],['https://www.mobygames.com/game/19785/x-men-legends-ii-rise-of-apocalypse/']
['Tiger Woods PGA Tour 2004'],['https://www.mobygames.com/game/10424/tiger-woods-pga-tour-2004/']
['Brothers in Arms: Earned in Blood'],['https://www.mobygames.com/game/19450/brothers-in-arms-earned-in-blood/']
['JSRF: Jet Set Radio Future'],['https://www.mobygames.com/game/5856/jsrf-jet-set-radio-future/']
['NCAA Football 06'],['https://www.mobygames.com/game/31293/ncaa-football-06/']
['World Soccer: Winning Eleven 8 International'],['https://www.mobygames.com/game/15401/world-soccer-winning-eleven-8-international/']
['NHL 2K6'],['https://www.mobygames.com/game/24389/nhl-2k6/']
['Doom³'],['https://www.mobygames.com/game/14320/doom3/']
['Prince of Persia: The Two Thrones'],['https://www.mobygames.com/game/20384/prince-of-persia-the-two-thrones/']
['Beyond Good & Evil'],['https://www.mobygames.com/game/11290/beyond-good-evil/']
['Top Spin'],['https://www.mobygames.com/game/10880/top-spin/']
['Metal Gear Solid 2: Substance'],['https://www.mobygames.com/game/7715/metal-gear-solid-2-substance/']
['MotoGP 2'],['https://www.mobygames.com/game/10092/motogp-2/']
['Amped 2'],['https://www.mobygames.com/game/10881/amped-2/']
['ESPN NBA 2K5'],['https://www.mobygames.com/game/15046/espn-nba-2k5/']
"[""Tom Clancy's Ghost Recon 2: Summit Strike""]",['https://www.mobygames.com/game/34591/tom-clancys-ghost-recon-2-summit-strike/']
['Colin McRae Rally 2005'],['https://www.mobygames.com/game/15575/colin-mcrae-rally-2005/']
"[""Tom Clancy's Rainbow Six 3""]",['https://www.mobygames.com/game/61322/tom-clancys-rainbow-six-3/']
['Dead or Alive 3'],['https://www.mobygames.com/game/5371/dead-or-alive-3/']
['MechAssault'],['https://www.mobygames.com/game/7767/mechassault/']
['Dead or Alive: Ultimate'],['https://www.mobygames.com/game/15449/dead-or-alive-ultimate/']
['MVP Baseball 2004'],['https://www.mobygames.com/game/12415/mvp-baseball-2004/']
['Psychonauts'],['https://www.mobygames.com/game/17451/psychonauts/']
['The Incredible Hulk: Ultimate Destruction'],['https://www.mobygames.com/game/19359/the-incredible-hulk-ultimate-destruction/']
['MotoGP: Ultimate Racing Technology 3'],['https://www.mobygames.com/game/26992/motogp-ultimate-racing-technology-3/']
['NASCAR 2005: Chase for the Cup'],['https://www.mobygames.com/game/18780/nascar-2005-chase-for-the-cup/']
['World Soccer: Winning Eleven 9'],['https://www.mobygames.com/game/19724/world-soccer-winning-eleven-9/']
['Hitman 2: Silent Assassin'],['https://www.mobygames.com/game/7369/hitman-2-silent-assassin/']
"[""Kelly Slater's Pro Surfer""]",['https://www.mobygames.com/game/7431/kelly-slaters-pro-surfer/']
['NHL 2004'],['https://www.mobygames.com/game/10425/nhl-2004/']
['OutRun 2'],['https://www.mobygames.com/game/15252/outrun-2/']
['Mercenaries: Playground of Destruction'],['https://www.mobygames.com/game/16313/mercenaries-playground-of-destruction/']
['Silent Hill 2: Restless Dreams'],['https://www.mobygames.com/game/5069/silent-hill-2-restless-dreams/']
['Indigo Prophecy'],['https://www.mobygames.com/game/19212/indigo-prophecy/']
['Fable: The Lost Chapters'],['https://www.mobygames.com/game/19218/fable-the-lost-chapters/']
"[""Oddworld: Stranger's Wrath""]",['https://www.mobygames.com/game/16376/oddworld-strangers-wrath/']
['TimeSplitters: Future Perfect'],['https://www.mobygames.com/game/17340/timesplitters-future-perfect/']
['TOCA Race Driver 2'],['https://www.mobygames.com/game/13139/toca-race-driver-2/']
['Burnout 2: Point of Impact'],['https://www.mobygames.com/game/8895/burnout-2-point-of-impact/']
['Star Wars: Knights of the Old Republic II - The Sith Lords'],['https://www.mobygames.com/game/15792/star-wars-knights-of-the-old-republic-ii-the-sith-lords/']
['NBA 2K2'],['https://www.mobygames.com/game/23101/nba-2k2/']
"[""Tony Hawk's Underground""]",['https://www.mobygames.com/game/10893/tony-hawks-underground/']
['Phantom Dust'],['https://www.mobygames.com/game/19055/phantom-dust/']
['Madden NFL 2003'],['https://www.mobygames.com/game/7770/madden-nfl-2003/']
['NBA 2K7'],['https://www.mobygames.com/game/31934/nba-2k7/']
['NHL 2003'],['https://www.mobygames.com/game/9662/nhl-2003/']
['TOCA Race Driver 3'],['https://www.mobygames.com/game/23413/toca-race-driver-3/']
"[""Tony Hawk's Pro Skater 2x""]",['https://www.mobygames.com/game/5377/tony-hawks-pro-skater-2x/']
['NASCAR Thunder 2002'],['https://www.mobygames.com/game/39987/nascar-thunder-2002/']
['World Series Baseball'],['https://www.mobygames.com/game/6557/world-series-baseball/']
['NHL Hitz 20-03'],['https://www.mobygames.com/game/9670/nhl-hitz-20-03/']
['Psi-Ops: The Mindgate Conspiracy'],['https://www.mobygames.com/game/13652/psi-ops-the-mindgate-conspiracy/']
"[""Tom Clancy's Ghost Recon""]",['https://www.mobygames.com/game/5557/tom-clancys-ghost-recon/']
['Max Payne'],['https://www.mobygames.com/game/4529/max-payne/']
"[""Tom Clancy's Ghost Recon 2: 2011 - Final Assault""]",['https://www.mobygames.com/game/53221/tom-clancys-ghost-recon-2-2011-final-assault/']
['Midnight Club 3: DUB Edition Remix'],['https://www.mobygames.com/game/24200/midnight-club-3-dub-edition-remix/']
['FIFA Soccer 2003'],['https://www.mobygames.com/game/8352/fifa-soccer-2003/']
['007: Everything or Nothing'],['https://www.mobygames.com/game/12211/007-everything-or-nothing/']
['Unreal Championship'],['https://www.mobygames.com/game/7786/unreal-championship/']
['Guilty Gear X2: The Midnight Carnival #Reload'],['https://www.mobygames.com/game/18556/guilty-gear-x2-the-midnight-carnival-reload/']
['ESPN College Hoops 2K5'],['https://www.mobygames.com/game/16405/espn-college-hoops-2k5/']
['Major League Baseball 2K5'],['https://www.mobygames.com/game/35015/major-league-baseball-2k5/']
['NBA 2K3'],['https://www.mobygames.com/game/7385/nba-2k3/']
['Fable'],['https://www.mobygames.com/game/14876/fable/']
['Steel Battalion'],['https://www.mobygames.com/game/7805/steel-battalion/']
['Conker: Live & Reloaded'],['https://www.mobygames.com/game/20664/conker-live-reloaded/']
['Shenmue II'],['https://www.mobygames.com/game/5405/shenmue-ii/']
['NBA Live 2005'],['https://www.mobygames.com/game/22070/nba-live-2005/']
['NFL 2K2'],['https://www.mobygames.com/game/7747/nfl-2k2/']
['TimeSplitters 2'],['https://www.mobygames.com/game/7574/timesplitters-2/']
['Amped: Freestyle Snowboarding'],['https://www.mobygames.com/game/5407/amped-freestyle-snowboarding/']
['Midnight Club 3: DUB Edition'],['https://www.mobygames.com/game/17342/midnight-club-3-dub-edition/']
['Project Gotham Racing'],['https://www.mobygames.com/game/5373/project-gotham-racing/']
['Rayman 3: Hoodlum Havoc'],['https://www.mobygames.com/game/8681/rayman-3-hoodlum-havoc/']
['LEGO Star Wars II: The Original Trilogy'],['https://www.mobygames.com/game/23874/lego-star-wars-ii-the-original-trilogy/']
['Capcom Classics Collection'],['https://www.mobygames.com/game/19388/capcom-classics-collection/']
['Metal Arms: Glitch in the System'],['https://www.mobygames.com/game/11590/metal-arms-glitch-in-the-system/']
['NHL 2K3'],['https://www.mobygames.com/game/7811/nhl-2k3/']
['Fight Night 2004'],['https://www.mobygames.com/game/12912/fight-night-2004/']
"[""Tony Hawk's American Wasteland""]",['https://www.mobygames.com/game/19858/tony-hawks-american-wasteland/']
['MVP Baseball 2005'],['https://www.mobygames.com/game/18188/mvp-baseball-2005/']
['Need for Speed: Most Wanted'],['https://www.mobygames.com/game/20125/need-for-speed-most-wanted/']
['Phantasy Star Online: Episode I & II'],['https://www.mobygames.com/game/7663/phantasy-star-online-episode-i-ii/']
['Def Jam: Fight for NY'],['https://www.mobygames.com/game/15047/def-jam-fight-for-ny/']
['Sphinx and the Cursed Mummy'],['https://www.mobygames.com/game/12541/sphinx-and-the-cursed-mummy/']
"[""Peter Jackson's King Kong: The Official Game of the Movie""]",['https://www.mobygames.com/game/20441/peter-jacksons-king-kong-the-official-game-of-the-movie/']
['Battlefield 2: Modern Combat'],['https://www.mobygames.com/game/19863/battlefield-2-modern-combat/']
['Wakeboarding Unleashed featuring Shaun Murray'],['https://www.mobygames.com/game/9402/wakeboarding-unleashed-featuring-shaun-murray/']
"[""Sid Meier's Pirates!: Live the Life""]",['https://www.mobygames.com/game/15645/sid-meiers-pirates-live-the-life/']
['MX Superfly Featuring Ricky Carmichael'],['https://www.mobygames.com/game/27026/mx-superfly-featuring-ricky-carmichael/']
['Tiger Woods PGA Tour 06'],['https://www.mobygames.com/game/19257/tiger-woods-pga-tour-06/']
['NBA Live 2004'],['https://www.mobygames.com/game/10665/nba-live-2004/']
['NBA Live 2003'],['https://www.mobygames.com/game/9182/nba-live-2003/']
['NHL 06'],['https://www.mobygames.com/game/19251/nhl-06/']
['Dance Dance Revolution: Ultramix'],['https://www.mobygames.com/game/12487/dance-dance-revolution-ultramix/']
['NHL 2002'],['https://www.mobygames.com/game/5541/nhl-2002/']
['NHL Hitz 20-02'],['https://www.mobygames.com/game/5089/nhl-hitz-20-02/']
['NBA Ballers'],['https://www.mobygames.com/game/14076/nba-ballers/']
"[""Fatal Frame II: Crimson Butterfly - Director's Cut""]",['https://www.mobygames.com/game/76650/fatal-frame-ii-crimson-butterfly-directors-cut/']
['NFL Street'],['https://www.mobygames.com/game/12193/nfl-street/']
['NASCAR Thunder 2003'],['https://www.mobygames.com/game/11197/nascar-thunder-2003/']
['Aggressive Inline'],['https://www.mobygames.com/game/6995/aggressive-inline/']
['The Warriors'],['https://www.mobygames.com/game/19709/the-warriors/']
['The Lord of the Rings: The Return of the King'],['https://www.mobygames.com/game/10862/the-lord-of-the-rings-the-return-of-the-king/']
['NCAA College Basketball 2K3'],['https://www.mobygames.com/game/15528/ncaa-college-basketball-2k3/']
['NCAA March Madness 06'],['https://www.mobygames.com/game/31295/ncaa-march-madness-06/']
['Star Wars: Republic Commando'],['https://www.mobygames.com/game/17003/star-wars-republic-commando/']
['Half-Life 2'],['https://www.mobygames.com/game/15564/half-life-2/']
['NBA Inside Drive 2002'],['https://www.mobygames.com/game/5797/nba-inside-drive-2002/']
['NASCAR Heat 2002'],['https://www.mobygames.com/game/13389/nascar-heat-2002/']
['Call of Duty 3'],['https://www.mobygames.com/game/24923/call-of-duty-3/']
['Full Spectrum Warrior'],['https://www.mobygames.com/game/13805/full-spectrum-warrior/']
['Star Wars: Battlefront'],['https://www.mobygames.com/game/15220/star-wars-battlefront/']
['MX vs. ATV Unleashed'],['https://www.mobygames.com/game/17673/mx-vs-atv-unleashed/']
['SSX on Tour'],['https://www.mobygames.com/game/19627/ssx-on-tour/']
"[""Oddworld: Munch's Oddysee""]",['https://www.mobygames.com/game/5369/oddworld-munchs-oddysee/']
['OutRun 2006: Coast 2 Coast'],['https://www.mobygames.com/game/23324/outrun-2006-coast-2-coast/']
['SSX Tricky'],['https://www.mobygames.com/game/5327/ssx-tricky/']
['FIFA Soccer 2004'],['https://www.mobygames.com/game/10895/fifa-soccer-2004/']
['Call of Duty 2: Big Red One'],['https://www.mobygames.com/game/21658/call-of-duty-2-big-red-one/']
['FIFA Soccer 2005'],['https://www.mobygames.com/game/15428/fifa-soccer-2005/']
"[""Tony Hawk's Underground 2""]",['https://www.mobygames.com/game/15197/tony-hawks-underground-2/']
"[""Disney's Extreme Skate Adventure""]",['https://www.mobygames.com/game/10958/disneys-extreme-skate-adventure/']
['Spider-Man'],['https://www.mobygames.com/game/6217/spider-man/']
['Madden NFL 07'],['https://www.mobygames.com/game/29006/madden-nfl-07/']
"[""Tom Clancy's Ghost Recon: Island Thunder""]",['https://www.mobygames.com/game/9768/tom-clancys-ghost-recon-island-thunder/']
['Tiger Woods PGA Tour 07'],['https://www.mobygames.com/game/126484/tiger-woods-pga-tour-07/']
['Star Wars: Jedi Knight II - Jedi Outcast'],['https://www.mobygames.com/game/6073/star-wars-jedi-knight-ii-jedi-outcast/']
['Fight Night Round 3'],['https://www.mobygames.com/game/24001/fight-night-round-3/']
['Need for Speed: Underground 2'],['https://www.mobygames.com/game/15699/need-for-speed-underground-2/']
['Return to Castle Wolfenstein: Tides of War'],['https://www.mobygames.com/game/9168/return-to-castle-wolfenstein-tides-of-war/']
['Mortal Kombat: Deception'],['https://www.mobygames.com/game/16715/mortal-kombat-deception/']
"[""Baldur's Gate: Dark Alliance""]",['https://www.mobygames.com/game/5805/baldurs-gate-dark-alliance/']
['NHL Hitz Pro'],['https://www.mobygames.com/game/11021/nhl-hitz-pro/']
['Spider-Man 2'],['https://www.mobygames.com/game/13848/spider-man-2/']
['Ultimate Spider-Man'],['https://www.mobygames.com/game/22927/ultimate-spider-man/']
['College Hoops 2K6'],['https://www.mobygames.com/game/30774/college-hoops-2k6/']
['Star Wars: Jedi Knight - Jedi Academy'],['https://www.mobygames.com/game/10374/star-wars-jedi-knight-jedi-academy/']
['Super Monkey Ball Deluxe'],['https://www.mobygames.com/game/17014/super-monkey-ball-deluxe/']
['Gun'],['https://www.mobygames.com/game/20193/gun/']
['Unreal Championship 2: The Liandri Conflict'],['https://www.mobygames.com/game/18955/unreal-championship-2-the-liandri-conflict/']
['Splashdown'],['https://www.mobygames.com/game/8705/splashdown/']
['The Sims'],['https://www.mobygames.com/game/141390/the-sims/']
['Rocky'],['https://www.mobygames.com/game/7741/rocky/']
['Capcom Classics Collection: Volume 2'],['https://www.mobygames.com/game/25613/capcom-classics-collection-volume-2/']
['Tiger Woods PGA Tour 2003'],['https://www.mobygames.com/game/7808/tiger-woods-pga-tour-2003/']
['Kingdom Under Fire: The Crusaders'],['https://www.mobygames.com/game/16603/kingdom-under-fire-the-crusaders/']
['Dynasty Warriors 4'],['https://www.mobygames.com/game/9580/dynasty-warriors-4/']
['MX Unleashed'],['https://www.mobygames.com/game/12609/mx-unleashed/']
['NFL Fever 2002'],['https://www.mobygames.com/game/5370/nfl-fever-2002/']
['NBA Inside Drive 2003'],['https://www.mobygames.com/game/14687/nba-inside-drive-2003/']
['Lara Croft: Tomb Raider - Legend'],['https://www.mobygames.com/game/21999/lara-croft-tomb-raider-legend/']
['MLB SlugFest 20-03'],['https://www.mobygames.com/game/6836/mlb-slugfest-20-03/']
['Metal Slug 3'],['https://www.mobygames.com/game/14043/metal-slug-3/']
['Need for Speed: Underground'],['https://www.mobygames.com/game/11175/need-for-speed-underground/']
['The Suffering'],['https://www.mobygames.com/game/12511/the-suffering/']
['MX 2002 featuring Ricky Carmichael'],['https://www.mobygames.com/game/8005/mx-2002-featuring-ricky-carmichael/']
['Midnight Club II'],['https://www.mobygames.com/game/9232/midnight-club-ii/']
['Buffy the Vampire Slayer'],['https://www.mobygames.com/game/7352/buffy-the-vampire-slayer/']
['Far Cry: Instincts - Evolution'],['https://www.mobygames.com/game/22287/far-cry-instincts-evolution/']
['Darkwatch'],['https://www.mobygames.com/game/18981/darkwatch/']
['NASCAR 06: Total Team Control'],['https://www.mobygames.com/game/22746/nascar-06-total-team-control/']
['Sega Soccer Slam'],['https://www.mobygames.com/game/6039/sega-soccer-slam/']
['Hitman: Blood Money'],['https://www.mobygames.com/game/22576/hitman-blood-money/']
['Genma Onimusha'],['https://www.mobygames.com/game/31029/genma-onimusha/']
['MechAssault 2: Lone Wolf'],['https://www.mobygames.com/game/16430/mechassault-2-lone-wolf/']
['The Suffering: Ties That Bind'],['https://www.mobygames.com/game/20140/the-suffering-ties-that-bind/']
['Midtown Madness 3'],['https://www.mobygames.com/game/9464/midtown-madness-3/']
['NASCAR Thunder 2004'],['https://www.mobygames.com/game/10393/nascar-thunder-2004/']
['Jade Empire (Limited Edition)'],['https://www.mobygames.com/game/17400/jade-empire-limited-edition/']
['Call of Cthulhu: Dark Corners of the Earth'],['https://www.mobygames.com/game/20705/call-of-cthulhu-dark-corners-of-the-earth/']
['F1 2001'],['https://www.mobygames.com/game/5746/f1-2001/']
['Mortal Kombat: Armageddon'],['https://www.mobygames.com/game/25887/mortal-kombat-armageddon/']
['Deus Ex: Invisible War'],['https://www.mobygames.com/game/11253/deus-ex-invisible-war/']
['NHL 2005'],['https://www.mobygames.com/game/14880/nhl-2005/']
['Links 2004'],['https://www.mobygames.com/game/12341/links-2004/']
['Heroes of the Pacific'],['https://www.mobygames.com/game/19318/heroes-of-the-pacific/']
['SpongeBob SquarePants: Battle for Bikini Bottom'],['https://www.mobygames.com/game/11358/spongebob-squarepants-battle-for-bikini-bottom/']
['Karaoke Revolution: Party'],['https://www.mobygames.com/game/21684/karaoke-revolution-party/']
['Kingdom Under Fire: Heroes'],['https://www.mobygames.com/game/34441/kingdom-under-fire-heroes/']
['Dance Dance Revolution: Ultramix 2'],['https://www.mobygames.com/game/17849/dance-dance-revolution-ultramix-2/']
['High Heat Major League Baseball 2004'],['https://www.mobygames.com/game/12930/high-heat-major-league-baseball-2004/']
['Championship Manager: Season 01/02'],['https://www.mobygames.com/game/5179/championship-manager-season-0102/']
['Legacy of Kain: Defiance'],['https://www.mobygames.com/game/11488/legacy-of-kain-defiance/']
['MLB SlugFest 20-04'],['https://www.mobygames.com/game/9635/mlb-slugfest-20-04/']
"[""Baldur's Gate: Dark Alliance II""]",['https://www.mobygames.com/game/12011/baldurs-gate-dark-alliance-ii/']
['Yager'],['https://www.mobygames.com/game/9311/yager/']
['NBA Live 06'],['https://www.mobygames.com/game/22340/nba-live-06/']
['NCAA March Madness 2004'],['https://www.mobygames.com/game/76725/ncaa-march-madness-2004/']
['All-Star Baseball 2004'],['https://www.mobygames.com/game/11247/all-star-baseball-2004/']
['Sonic Mega Collection Plus'],['https://www.mobygames.com/game/16080/sonic-mega-collection-plus/']
['FIFA Soccer 06'],['https://www.mobygames.com/game/19347/fifa-soccer-06/']
['MVP Baseball 2003'],['https://www.mobygames.com/game/12264/mvp-baseball-2003/']
['MVP 06: NCAA Baseball'],['https://www.mobygames.com/game/34714/mvp-06-ncaa-baseball/']
['2002 FIFA World Cup'],['https://www.mobygames.com/game/6498/2002-fifa-world-cup/']
['True Crime: Streets of LA'],['https://www.mobygames.com/game/10894/true-crime-streets-of-la/']
['ESPN College Hoops'],['https://www.mobygames.com/game/76707/espn-college-hoops/']
['Max Payne 2: The Fall of Max Payne'],['https://www.mobygames.com/game/10708/max-payne-2-the-fall-of-max-payne/']
['V-Rally 3'],['https://www.mobygames.com/game/7034/v-rally-3/']
['All-Star Baseball 2005'],['https://www.mobygames.com/game/19108/all-star-baseball-2005/']
['Otogi 2: Immortal Warriors'],['https://www.mobygames.com/game/25498/otogi-2-immortal-warriors/']
['Dr. Muto'],['https://www.mobygames.com/game/140162/dr-muto/']
['Armed and Dangerous'],['https://www.mobygames.com/game/11308/armed-and-dangerous/']
['The Thing'],['https://www.mobygames.com/game/7168/the-thing/']
['Mortal Kombat: Deadly Alliance'],['https://www.mobygames.com/game/7787/mortal-kombat-deadly-alliance/']
['Thief: Deadly Shadows'],['https://www.mobygames.com/game/13460/thief-deadly-shadows/']
['Blitz: The League'],['https://www.mobygames.com/game/19552/blitz-the-league/']
['Silent Hill 4: The Room'],['https://www.mobygames.com/game/14830/silent-hill-4-the-room/']
['Capcom vs. SNK 2: Mark of the Millennium'],['https://www.mobygames.com/game/5003/capcom-vs-snk-2-mark-of-the-millennium/']
['RedCard 20-03'],['https://www.mobygames.com/game/6329/redcard-20-03/']
['Broken Sword: The Sleeping Dragon'],['https://www.mobygames.com/game/11004/broken-sword-the-sleeping-dragon/']
['Freedom Fighters'],['https://www.mobygames.com/game/10560/freedom-fighters/']
['Second Sight'],['https://www.mobygames.com/game/15025/second-sight/']
['Urban Chaos: Riot Response'],['https://www.mobygames.com/game/23537/urban-chaos-riot-response/']
['LMA Manager 2004'],['https://www.mobygames.com/game/12429/lma-manager-2004/']
['Taito Legends'],['https://www.mobygames.com/game/21233/taito-legends/']
['The Lord of the Rings: The Two Towers'],['https://www.mobygames.com/game/7716/the-lord-of-the-rings-the-two-towers/']
['Marvel Ultimate Alliance'],['https://www.mobygames.com/game/25209/marvel-ultimate-alliance/']
['The Punisher'],['https://www.mobygames.com/game/16630/the-punisher/']
['Mega Man: Anniversary Collection'],['https://www.mobygames.com/game/13776/mega-man-anniversary-collection/']
['NCAA March Madness 2005'],['https://www.mobygames.com/game/31288/ncaa-march-madness-2005/']
['TransWorld Snowboarding'],['https://www.mobygames.com/game/20447/transworld-snowboarding/']
['X-Men: Legends'],['https://www.mobygames.com/game/15068/x-men-legends/']
['Gladius'],['https://www.mobygames.com/game/11835/gladius/']
"[""Mat Hoffman's Pro BMX 2""]",['https://www.mobygames.com/game/7458/mat-hoffmans-pro-bmx-2/']
['NFL Street 2'],['https://www.mobygames.com/game/26246/nfl-street-2/']
['Hitman: Contracts'],['https://www.mobygames.com/game/12998/hitman-contracts/']
['Sega GT 2002'],['https://www.mobygames.com/game/8719/sega-gt-2002/']
['ESPN Major League Baseball'],['https://www.mobygames.com/game/24006/espn-major-league-baseball/']
['NFL Blitz 20-02'],['https://www.mobygames.com/game/5314/nfl-blitz-20-02/']
['Steel Battalion: Line of Contact'],['https://www.mobygames.com/game/22928/steel-battalion-line-of-contact/']
['Black'],['https://www.mobygames.com/game/21453/black/']
['Knockout Kings 2002'],['https://www.mobygames.com/game/7267/knockout-kings-2002/']
['Midway Arcade Treasures 2'],['https://www.mobygames.com/game/15224/midway-arcade-treasures-2/']
['Scarface: The World Is Yours'],['https://www.mobygames.com/game/25362/scarface-the-world-is-yours/']
['Robotech: Battlecry'],['https://www.mobygames.com/game/7665/robotech-battlecry/']
['Secret Weapons Over Normandy'],['https://www.mobygames.com/game/12520/secret-weapons-over-normandy/']
['Crash Nitro Kart'],['https://www.mobygames.com/game/11205/crash-nitro-kart/']
['Scooby-Doo!: Night of 100 Frights'],['https://www.mobygames.com/game/7039/scooby-doo-night-of-100-frights/']
['Dungeons & Dragons: Heroes'],['https://www.mobygames.com/game/11852/dungeons-dragons-heroes/']
['Otogi: Myth of Demons'],['https://www.mobygames.com/game/15052/otogi-myth-of-demons/']
['Tak 2: The Staff of Dreams'],['https://www.mobygames.com/game/19052/tak-2-the-staff-of-dreams/']
['NHL 2K7'],['https://www.mobygames.com/game/46670/nhl-2k7/']
['FIFA World Cup: Germany 2006'],['https://www.mobygames.com/game/22292/fifa-world-cup-germany-2006/']
['007: Nightfire'],['https://www.mobygames.com/game/7804/007-nightfire/']
['Quantum Redshift'],['https://www.mobygames.com/game/8060/quantum-redshift/']
['Voodoo Vince'],['https://www.mobygames.com/game/10882/voodoo-vince/']
['Conflict: Desert Storm'],['https://www.mobygames.com/game/12570/conflict-desert-storm/']
['Prince of Persia: Warrior Within'],['https://www.mobygames.com/game/16156/prince-of-persia-warrior-within/']
['The Sims 2'],['https://www.mobygames.com/game/20428/the-sims-2/']
['Serious Sam'],['https://www.mobygames.com/game/30978/serious-sam/']
['Fatal Frame'],['https://www.mobygames.com/game/81735/fatal-frame/']
['Star Wars: Battlefront II'],['https://www.mobygames.com/game/21218/star-wars-battlefront-ii/']
['kill.switch'],['https://www.mobygames.com/game/11972/killswitch/']
['Brute Force'],['https://www.mobygames.com/game/9401/brute-force/']
['Battle Engine Aquila'],['https://www.mobygames.com/game/11291/battle-engine-aquila/']
['Apex'],['https://www.mobygames.com/game/17839/apex/']
['World Snooker Championship 2005'],['https://www.mobygames.com/game/37045/world-snooker-championship-2005/']
['Kung Fu Chaos'],['https://www.mobygames.com/game/8730/kung-fu-chaos/']
"[""The Sims: Bustin' Out""]",['https://www.mobygames.com/game/29784/the-sims-bustin-out/']
['Karaoke Revolution'],['https://www.mobygames.com/game/10908/karaoke-revolution/']
['Sniper Elite'],['https://www.mobygames.com/game/20695/sniper-elite/']
['NFL Blitz 20-03'],['https://www.mobygames.com/game/9652/nfl-blitz-20-03/']
['Pro Race Driver'],['https://www.mobygames.com/game/8767/pro-race-driver/']
['Red Faction II'],['https://www.mobygames.com/game/8896/red-faction-ii/']
['Pirates: The Legend of Black Kat'],['https://www.mobygames.com/game/5956/pirates-the-legend-of-black-kat/']
['Atari: 80 Classic Games in One!'],['https://www.mobygames.com/game/15760/atari-80-classic-games-in-one/']
['World Championship Snooker 2004'],['https://www.mobygames.com/game/22355/world-championship-snooker-2004/']
['Gunvalkyrie'],['https://www.mobygames.com/game/7666/gunvalkyrie/']
['MTX Mototrax'],['https://www.mobygames.com/game/38204/mtx-mototrax/']
['Rocky: Legends'],['https://www.mobygames.com/game/15450/rocky-legends/']
['Project: Snowblind'],['https://www.mobygames.com/game/16731/project-snowblind/']
['Stubbs the Zombie in Rebel Without a Pulse'],['https://www.mobygames.com/game/19756/stubbs-the-zombie-in-rebel-without-a-pulse/']
['TransWorld Surf'],['https://www.mobygames.com/game/7667/transworld-surf/']
['The Simpsons: Hit & Run'],['https://www.mobygames.com/game/10421/the-simpsons-hit-run/']
['Myst IV: Revelation'],['https://www.mobygames.com/game/15044/myst-iv-revelation/']
['Mortal Kombat: Shaolin Monks'],['https://www.mobygames.com/game/19711/mortal-kombat-shaolin-monks/']
['XIII'],['https://www.mobygames.com/game/11251/xiii/']
['Rugby 06'],['https://www.mobygames.com/game/37277/rugby-06/']
['Dance Dance Revolution: Ultramix 3'],['https://www.mobygames.com/game/20681/dance-dance-revolution-ultramix-3/']
"[""Greg Hastings' Tournament Paintball Max'd""]",['https://www.mobygames.com/game/23186/greg-hastings-tournament-paintball-maxd/']
['MLB SlugFest Loaded'],['https://www.mobygames.com/game/17223/mlb-slugfest-loaded/']
['Hunter: The Reckoning'],['https://www.mobygames.com/game/6788/hunter-the-reckoning/']
['All-Star Baseball 2003'],['https://www.mobygames.com/game/6419/all-star-baseball-2003/']
['Street Fighter: Anniversary Collection'],['https://www.mobygames.com/game/15707/street-fighter-anniversary-collection/']
['Tak: The Great Juju Challenge'],['https://www.mobygames.com/game/21524/tak-the-great-juju-challenge/']
['Dynasty Warriors 3'],['https://www.mobygames.com/game/5775/dynasty-warriors-3/']
"[""Tony Hawk's Project 8""]",['https://www.mobygames.com/game/25133/tony-hawks-project-8/']
['007: Agent Under Fire'],['https://www.mobygames.com/game/5798/007-agent-under-fire/']
['Real World Golf'],['https://www.mobygames.com/game/39329/real-world-golf/']
['Area-51'],['https://www.mobygames.com/game/18069/area-51/']
['Samurai Warriors'],['https://www.mobygames.com/game/13303/samurai-warriors/']
"[""Tom Clancy's Rainbow Six: Lockdown""]",['https://www.mobygames.com/game/19428/tom-clancys-rainbow-six-lockdown/']
['Juiced'],['https://www.mobygames.com/game/18351/juiced/']
['NBA Ballers: Phenom'],['https://www.mobygames.com/game/28687/nba-ballers-phenom/']
['Pac-Man World 2'],['https://www.mobygames.com/game/6049/pac-man-world-2/']
['SWAT: Global Strike Team'],['https://www.mobygames.com/game/40822/swat-global-strike-team/']
"[""The Bard's Tale""]",['https://www.mobygames.com/game/15800/the-bards-tale/']
['Freestyle MetalX'],['https://www.mobygames.com/game/26488/freestyle-metalx/']
['XGRA: Extreme G Racing Association'],['https://www.mobygames.com/game/11235/xgra-extreme-g-racing-association/']
['Need for Speed: Hot Pursuit 2'],['https://www.mobygames.com/game/142118/need-for-speed-hot-pursuit-2/']
['Justice League Heroes'],['https://www.mobygames.com/game/25465/justice-league-heroes/']
['FIFA Soccer 07'],['https://www.mobygames.com/game/25508/fifa-soccer-07/']
['NFL Fever 2003'],['https://www.mobygames.com/game/76600/nfl-fever-2003/']
['Shrek SuperSlam'],['https://www.mobygames.com/game/20442/shrek-superslam/']
['FlatOut 2'],['https://www.mobygames.com/game/22983/flatout-2/']
['NHL 07'],['https://www.mobygames.com/game/32216/nhl-07/']
"[""Indiana Jones and the Emperor's Tomb""]",['https://www.mobygames.com/game/8521/indiana-jones-and-the-emperors-tomb/']
['Phantom Crash'],['https://www.mobygames.com/game/20973/phantom-crash/']
['Pitfall: The Lost Expedition'],['https://www.mobygames.com/game/12345/pitfall-the-lost-expedition/']
['Star Wars: Jedi Starfighter'],['https://www.mobygames.com/game/6250/star-wars-jedi-starfighter/']
['Syberia II'],['https://www.mobygames.com/game/12892/syberia-ii/']
['NFL Fever 2004'],['https://www.mobygames.com/game/23785/nfl-fever-2004/']
['Arx Fatalis'],['https://www.mobygames.com/game/7189/arx-fatalis/']
['Buffy the Vampire Slayer: Chaos Bleeds'],['https://www.mobygames.com/game/10184/buffy-the-vampire-slayer-chaos-bleeds/']
"[""Disney's The Haunted Mansion""]",['https://www.mobygames.com/game/13562/disneys-the-haunted-mansion/']
['LEGO Star Wars: The Video Game'],['https://www.mobygames.com/game/17131/lego-star-wars-the-video-game/']
"[""Total Overdose: A Gunslinger's Tale in Mexico""]",['https://www.mobygames.com/game/21695/total-overdose-a-gunslingers-tale-in-mexico/']
['NBA Inside Drive 2004'],['https://www.mobygames.com/game/12232/nba-inside-drive-2004/']
['Red Dead Revolver'],['https://www.mobygames.com/game/13322/red-dead-revolver/']
['Ultimate Fighting Championship: Tapout'],['https://www.mobygames.com/game/5867/ultimate-fighting-championship-tapout/']
['Midway Arcade Treasures'],['https://www.mobygames.com/game/11228/midway-arcade-treasures/']
['007: From Russia with Love'],['https://www.mobygames.com/game/19879/007-from-russia-with-love/']
['The King of Fighters 2002/2003'],['https://www.mobygames.com/game/26892/the-king-of-fighters-20022003/']
['F1 2002'],['https://www.mobygames.com/game/7072/f1-2002/']
['Burnout'],['https://www.mobygames.com/game/6417/burnout/']
['Sonic Heroes'],['https://www.mobygames.com/game/11564/sonic-heroes/']
['Destroy All Humans!'],['https://www.mobygames.com/game/18398/destroy-all-humans/']
['The Legacy of Kain Series: Blood Omen 2'],['https://www.mobygames.com/game/6083/the-legacy-of-kain-series-blood-omen-2/']
"[""Marc Ecko's Getting Up: Contents Under Pressure""]",['https://www.mobygames.com/game/21897/marc-eckos-getting-up-contents-under-pressure/']
['Dead to Rights'],['https://www.mobygames.com/game/7179/dead-to-rights/']
['Still Life'],['https://www.mobygames.com/game/17411/still-life/']
['Hunter: The Reckoning - Redeemer'],['https://www.mobygames.com/game/11075/hunter-the-reckoning-redeemer/']
['Outlaw Golf'],['https://www.mobygames.com/game/6706/outlaw-golf/']
['Tennis Masters Series 2003'],['https://www.mobygames.com/game/9540/tennis-masters-series-2003/']
['Medal of Honor: Frontline'],['https://www.mobygames.com/game/6826/medal-of-honor-frontline/']
['Major League Baseball 2K6'],['https://www.mobygames.com/game/35909/major-league-baseball-2k6/']
['Crash Bandicoot: The Wrath of Cortex'],['https://www.mobygames.com/game/5531/crash-bandicoot-the-wrath-of-cortex/']
['NFL Blitz Pro'],['https://www.mobygames.com/game/76627/nfl-blitz-pro/']
['ATV: Quad Power Racing 2'],['https://www.mobygames.com/game/12681/atv-quad-power-racing-2/']
"[""Lemony Snicket's A Series of Unfortunate Events""]",['https://www.mobygames.com/game/16188/lemony-snickets-a-series-of-unfortunate-events/']
['Crimson Sea'],['https://www.mobygames.com/game/17227/crimson-sea/']
['Medal of Honor: European Assault'],['https://www.mobygames.com/game/18755/medal-of-honor-european-assault/']
"[""Raze's Hell""]",['https://www.mobygames.com/game/35052/razes-hell/']
['Commandos 2: Men of Courage'],['https://www.mobygames.com/game/5181/commandos-2-men-of-courage/']
['Jurassic Park: Operation Genesis'],['https://www.mobygames.com/game/8748/jurassic-park-operation-genesis/']
['Blazing Angels: Squadrons of WWII'],['https://www.mobygames.com/game/22119/blazing-angels-squadrons-of-wwii/']
['Dreamfall: The Longest Journey'],['https://www.mobygames.com/game/22143/dreamfall-the-longest-journey/']
['LMA Manager 2005'],['https://www.mobygames.com/game/21361/lma-manager-2005/']
['Wreckless: The Yakuza Missions'],['https://www.mobygames.com/game/5767/wreckless-the-yakuza-missions/']
['Madagascar'],['https://www.mobygames.com/game/20903/madagascar/']
['World Championship Poker 2 featuring Howard Lederer'],['https://www.mobygames.com/game/25025/world-championship-poker-2-featuring-howard-lederer/']
['Need for Speed: Carbon'],['https://www.mobygames.com/game/24726/need-for-speed-carbon/']
['Dai Senryaku VII: Modern Military Tactics'],['https://www.mobygames.com/game/18109/dai-senryaku-vii-modern-military-tactics/']
['I-Ninja'],['https://www.mobygames.com/game/11808/i-ninja/']
['Conflict: Desert Storm II - Back to Baghdad'],['https://www.mobygames.com/game/12572/conflict-desert-storm-ii-back-to-baghdad/']
['Outlaw Volleyball'],['https://www.mobygames.com/game/9699/outlaw-volleyball/']
['NBA Live 2002'],['https://www.mobygames.com/game/5281/nba-live-2002/']
['Full Spectrum Warrior: Ten Hammers'],['https://www.mobygames.com/game/28747/full-spectrum-warrior-ten-hammers/']
['Test Drive'],['https://www.mobygames.com/game/10027/test-drive/']
['Mad Dash Racing'],['https://www.mobygames.com/game/6307/mad-dash-racing/']
"[""Halo 2 (Limited Collector's Edition)""]",['https://www.mobygames.com/game/15545/halo-2-limited-collectors-edition/']
['Dave Mirra Freestyle BMX 2'],['https://www.mobygames.com/game/5594/dave-mirra-freestyle-bmx-2/']
['Painkiller: Hell Wars'],['https://www.mobygames.com/game/23635/painkiller-hell-wars/']
['Tron 2.0'],['https://www.mobygames.com/game/10153/tron-20/']
['ObsCure'],['https://www.mobygames.com/game/17480/obscure/']
['UEFA Euro 2004 Portugal'],['https://www.mobygames.com/game/18812/uefa-euro-2004-portugal/']
['Driver: Parallel Lines'],['https://www.mobygames.com/game/21660/driver-parallel-lines/']
['Digimon Rumble Arena 2'],['https://www.mobygames.com/game/14266/digimon-rumble-arena-2/']
['The House of the Dead III'],['https://www.mobygames.com/game/7694/the-house-of-the-dead-iii/']
['The Urbz: Sims in the City'],['https://www.mobygames.com/game/15723/the-urbz-sims-in-the-city/']
['Crash Tag Team Racing'],['https://www.mobygames.com/game/38499/crash-tag-team-racing/']
['The Lord of the Rings: The Third Age'],['https://www.mobygames.com/game/19975/the-lord-of-the-rings-the-third-age/']
['Enclave'],['https://www.mobygames.com/game/7181/enclave/']
['Rugby 2005'],['https://www.mobygames.com/game/17022/rugby-2005/']
['NBA Jam'],['https://www.mobygames.com/game/14560/nba-jam/']
['Spy Hunter'],['https://www.mobygames.com/game/5082/spy-hunter/']
['ProStroke Golf: World Tour 2007'],['https://www.mobygames.com/game/43690/prostroke-golf-world-tour-2007/']
['Outlaw Golf 2'],['https://www.mobygames.com/game/18047/outlaw-golf-2/']
['Star Wars: Starfighter'],['https://www.mobygames.com/game/3545/star-wars-starfighter/']
['Deathrow'],['https://www.mobygames.com/game/7745/deathrow/']
['Pariah'],['https://www.mobygames.com/game/17642/pariah/']
['Mashed: Drive to Survive'],['https://www.mobygames.com/game/22329/mashed-drive-to-survive/']
['DreamWorks Shark Tale'],['https://www.mobygames.com/game/141105/dreamworks-shark-tale/']
['College Hoops NCAA 2K7'],['https://www.mobygames.com/game/36928/college-hoops-ncaa-2k7/']
['F1 Career Challenge'],['https://www.mobygames.com/game/13962/f1-career-challenge/']
['Silent Scope Complete'],['https://www.mobygames.com/game/12176/silent-scope-complete/']
['Breakdown'],['https://www.mobygames.com/game/12675/breakdown/']
['NASCAR 07'],['https://www.mobygames.com/game/28317/nascar-07/']
"[""Greg Hastings' Tournament Paintball""]",['https://www.mobygames.com/game/23150/greg-hastings-tournament-paintball/']
['Batman: Vengeance'],['https://www.mobygames.com/game/5190/batman-vengeance/']
['Harry Potter and the Chamber of Secrets'],['https://www.mobygames.com/game/142391/harry-potter-and-the-chamber-of-secrets/']
['Syberia'],['https://www.mobygames.com/game/6828/syberia/']
['WWE Raw 2'],['https://www.mobygames.com/game/10416/wwe-raw-2/']
['Godzilla: Destroy All Monsters Melee'],['https://www.mobygames.com/game/7452/godzilla-destroy-all-monsters-melee/']
['Men of Valor'],['https://www.mobygames.com/game/15524/men-of-valor/']
['NBA Live 07'],['https://www.mobygames.com/game/175910/nba-live-07/']
['Dance Dance Revolution: Ultramix 4'],['https://www.mobygames.com/game/36227/dance-dance-revolution-ultramix-4/']
['Call of Duty: Finest Hour'],['https://www.mobygames.com/game/20289/call-of-duty-finest-hour/']
['Destroy All Humans! 2'],['https://www.mobygames.com/game/25319/destroy-all-humans-2/']
['Pinball Hall of Fame: The Gottlieb Collection'],['https://www.mobygames.com/game/24543/pinball-hall-of-fame-the-gottlieb-collection/']
['IndyCar Series'],['https://www.mobygames.com/game/10877/indycar-series/']
['Scaler'],['https://www.mobygames.com/game/16622/scaler/']
['KOF: Maximum Impact'],['https://www.mobygames.com/game/21609/kof-maximum-impact/']
['NCAA College Football 2K3'],['https://www.mobygames.com/game/27912/ncaa-college-football-2k3/']
['Puyo Pop Fever'],['https://www.mobygames.com/game/18065/puyo-pop-fever/']
['Close Combat: First to Fight'],['https://www.mobygames.com/game/33742/close-combat-first-to-fight/']
['Whiplash'],['https://www.mobygames.com/game/12630/whiplash/']
['BloodRayne'],['https://www.mobygames.com/game/7490/bloodrayne/']
['Vexx'],['https://www.mobygames.com/game/9578/vexx/']
['Gauntlet: Dark Legacy'],['https://www.mobygames.com/game/3982/gauntlet-dark-legacy/']
['Castlevania: Curse of Darkness'],['https://www.mobygames.com/game/20314/castlevania-curse-of-darkness/']
['Dead or Alive: Xtreme Beach Volleyball'],['https://www.mobygames.com/game/8242/dead-or-alive-xtreme-beach-volleyball/']
['RoadKill'],['https://www.mobygames.com/game/10701/roadkill/']
['World Racing'],['https://www.mobygames.com/game/40659/world-racing/']
['The SpongeBob SquarePants Movie'],['https://www.mobygames.com/game/16000/the-spongebob-squarepants-movie/']
['IndyCar Series 2005'],['https://www.mobygames.com/game/48112/indycar-series-2005/']
['Outlaw Tennis'],['https://www.mobygames.com/game/27042/outlaw-tennis/']
['Drive to Survive'],['https://www.mobygames.com/game/28703/drive-to-survive/']
['Metal Slug 4 & 5'],['https://www.mobygames.com/game/20107/metal-slug-4-5/']
['Sudeki'],['https://www.mobygames.com/game/14499/sudeki/']
['FlatOut'],['https://www.mobygames.com/game/15632/flatout/']
['Shrek 2'],['https://www.mobygames.com/game/13512/shrek-2/']
['Curse: The Eye of Isis'],['https://www.mobygames.com/game/11393/curse-the-eye-of-isis/']
['Star Wars: The Clone Wars'],['https://www.mobygames.com/game/7607/star-wars-the-clone-wars/']
['Total Immersion Racing'],['https://www.mobygames.com/game/8153/total-immersion-racing/']
['Pac-Man World 3'],['https://www.mobygames.com/game/20515/pac-man-world-3/']
['Sega GT Online'],['https://www.mobygames.com/game/12222/sega-gt-online/']
['Blood Wake'],['https://www.mobygames.com/game/5574/blood-wake/']
['Xyanide'],['https://www.mobygames.com/game/23863/xyanide/']
['Power Drome'],['https://www.mobygames.com/game/17240/power-drome/']
['Cold Fear'],['https://www.mobygames.com/game/17599/cold-fear/']
['Ty the Tasmanian Tiger 2: Bush Rescue'],['https://www.mobygames.com/game/16021/ty-the-tasmanian-tiger-2-bush-rescue/']
['Magic: The Gathering - Battlegrounds'],['https://www.mobygames.com/game/11514/magic-the-gathering-battlegrounds/']
['ESPN Winter X Games Snowboarding 2002'],['https://www.mobygames.com/game/34754/espn-winter-x-games-snowboarding-2002/']
['Richard Burns Rally'],['https://www.mobygames.com/game/15389/richard-burns-rally/']
['Fire Blade'],['https://www.mobygames.com/game/9282/fire-blade/']
['Wings of War'],['https://www.mobygames.com/game/26904/wings-of-war/']
['Spartan: Total Warrior'],['https://www.mobygames.com/game/23516/spartan-total-warrior/']
['Thrillville'],['https://www.mobygames.com/game/25370/thrillville/']
['Sensible Soccer 2006'],['https://www.mobygames.com/game/23064/sensible-soccer-2006/']
['Tenchu: Return from Darkness'],['https://www.mobygames.com/game/13571/tenchu-return-from-darkness/']
['Mafia'],['https://www.mobygames.com/game/7190/mafia/']
['Test Drive: Eve of Destruction'],['https://www.mobygames.com/game/14579/test-drive-eve-of-destruction/']
['NHL Rivals 2004'],['https://www.mobygames.com/game/22100/nhl-rivals-2004/']
"[""Spyro: A Hero's Tail""]",['https://www.mobygames.com/game/18950/spyro-a-heros-tail/']
['Ty the Tasmanian Tiger'],['https://www.mobygames.com/game/10595/ty-the-tasmanian-tiger/']
['Crazy Taxi 3: High Roller'],['https://www.mobygames.com/game/7033/crazy-taxi-3-high-roller/']
['BloodRayne 2'],['https://www.mobygames.com/game/18287/bloodrayne-2/']
['Battlestar Galactica'],['https://www.mobygames.com/game/12713/battlestar-galactica/']
['Ford Racing 2'],['https://www.mobygames.com/game/14712/ford-racing-2/']
"['The Chronicles of Narnia: The Lion, the Witch and the Wardrobe']",['https://www.mobygames.com/game/20708/the-chronicles-of-narnia-the-lion-the-witch-and-the-wardrobe/']
['Advent Rising'],['https://www.mobygames.com/game/18822/advent-rising/']
['Just Cause'],['https://www.mobygames.com/game/24152/just-cause/']
['American McGee presents Scrapland'],['https://www.mobygames.com/game/15814/american-mcgee-presents-scrapland/']
['Forgotten Realms: Demon Stone'],['https://www.mobygames.com/game/16193/forgotten-realms-demon-stone/']
['Evil Dead: Regeneration'],['https://www.mobygames.com/game/19589/evil-dead-regeneration/']
['Terminator 3: The Redemption'],['https://www.mobygames.com/game/19017/terminator-3-the-redemption/']
['World Championship Pool 2004'],['https://www.mobygames.com/game/12248/world-championship-pool-2004/']
['Midway Arcade Treasures 3'],['https://www.mobygames.com/game/19851/midway-arcade-treasures-3/']
['Batman Begins'],['https://www.mobygames.com/game/18804/batman-begins/']
['Chase: Hollywood Stunt Driver'],['https://www.mobygames.com/game/48245/chase-hollywood-stunt-driver/']
['Disney•Pixar Cars'],['https://www.mobygames.com/game/23057/disneypixar-cars/']
"[""X2: Wolverine's Revenge""]",['https://www.mobygames.com/game/9023/x2-wolverines-revenge/']
"[""Tom Clancy's Rainbow Six: Critical Hour""]",['https://www.mobygames.com/game/29940/tom-clancys-rainbow-six-critical-hour/']
['Bloody Roar Extreme'],['https://www.mobygames.com/game/15090/bloody-roar-extreme/']
['Ice Age 2: The Meltdown'],['https://www.mobygames.com/game/28470/ice-age-2-the-meltdown/']
['Headhunter: Redemption'],['https://www.mobygames.com/game/19834/headhunter-redemption/']
['Grabbed by the Ghoulies'],['https://www.mobygames.com/game/10747/grabbed-by-the-ghoulies/']
['Wallace & Gromit: The Curse of the Were-Rabbit'],['https://www.mobygames.com/game/21135/wallace-gromit-the-curse-of-the-were-rabbit/']
['Special Forces: Nemesis Strike'],['https://www.mobygames.com/game/20799/special-forces-nemesis-strike/']
['Harry Potter and the Prisoner of Azkaban'],['https://www.mobygames.com/game/13733/harry-potter-and-the-prisoner-of-azkaban/']
['Blinx: The Time Sweeper'],['https://www.mobygames.com/game/7400/blinx-the-time-sweeper/']
['Crash Twinsanity'],['https://www.mobygames.com/game/16120/crash-twinsanity/']
['Conflict: Global Terror'],['https://www.mobygames.com/game/20764/conflict-global-terror/']
"[""America's Army: Rise of a Soldier""]",['https://www.mobygames.com/game/21333/americas-army-rise-of-a-soldier/']
['Namco Museum'],['https://www.mobygames.com/game/4306/namco-museum/']
['Goblin Commander: Unleash the Horde'],['https://www.mobygames.com/game/11019/goblin-commander-unleash-the-horde/']
['Slam Tennis'],['https://www.mobygames.com/game/12106/slam-tennis/']
['Starsky & Hutch'],['https://www.mobygames.com/game/9615/starsky-hutch/']
"[""Crash 'N' Burn""]",['https://www.mobygames.com/game/30812/crash-n-burn/']
['Gladiator: Sword of Vengeance'],['https://www.mobygames.com/game/14164/gladiator-sword-of-vengeance/']
['Harry Potter and the Goblet of Fire'],['https://www.mobygames.com/game/20610/harry-potter-and-the-goblet-of-fire/']
['Legends of Wrestling II'],['https://www.mobygames.com/game/7819/legends-of-wrestling-ii/']
['Rogue Trooper'],['https://www.mobygames.com/game/22122/rogue-trooper/']
['Serious Sam II'],['https://www.mobygames.com/game/19973/serious-sam-ii/']
['ToeJam & Earl III: Mission to Earth'],['https://www.mobygames.com/game/7589/toejam-earl-iii-mission-to-earth/']
['Æon Flux'],['https://www.mobygames.com/game/20311/æon-flux/']
['Harry Potter: Quidditch World Cup'],['https://www.mobygames.com/game/15500/harry-potter-quidditch-world-cup/']
['Cold War'],['https://www.mobygames.com/game/26090/cold-war/']
['The Incredibles: Rise of the Underminer'],['https://www.mobygames.com/game/20250/the-incredibles-rise-of-the-underminer/']
['Worms 4: Mayhem'],['https://www.mobygames.com/game/18593/worms-4-mayhem/']
['Godzilla: Save the Earth'],['https://www.mobygames.com/game/17700/godzilla-save-the-earth/']
['Rogue Ops'],['https://www.mobygames.com/game/12607/rogue-ops/']
['The Godfather: The Game'],['https://www.mobygames.com/game/21586/the-godfather-the-game/']
['Alias'],['https://www.mobygames.com/game/13982/alias/']
['Ski Racing 2005: Featuring Hermann Maier'],['https://www.mobygames.com/game/38179/ski-racing-2005-featuring-hermann-maier/']
['Blowout'],['https://www.mobygames.com/game/26662/blowout/']
['Wrath Unleashed'],['https://www.mobygames.com/game/12515/wrath-unleashed/']
['UEFA Champions League 2004-2005'],['https://www.mobygames.com/game/17185/uefa-champions-league-2004-2005/']
['Die Hard: Vendetta'],['https://www.mobygames.com/game/8266/die-hard-vendetta/']
['The King of Fighters: Neowave'],['https://www.mobygames.com/game/26772/the-king-of-fighters-neowave/']
['Myst III: Exile'],['https://www.mobygames.com/game/3520/myst-iii-exile/']
['Marvel Vs. Capcom 2: New Age Of Heroes'],['https://www.mobygames.com/game/3680/marvel-vs-capcom-2-new-age-of-heroes/']
"[""Disney's Chicken Little""]",['https://www.mobygames.com/game/20102/disneys-chicken-little/']
['Shadow of Destiny'],['https://www.mobygames.com/game/3919/shadow-of-destiny/']
['Trivial Pursuit: Unhinged'],['https://www.mobygames.com/game/13630/trivial-pursuit-unhinged/']
['King Arthur'],['https://www.mobygames.com/game/18242/king-arthur/']
['Ford Mustang: The Legend Lives'],['https://www.mobygames.com/game/30753/ford-mustang-the-legend-lives/']
['Blinx 2: Masters of Time & Space'],['https://www.mobygames.com/game/18075/blinx-2-masters-of-time-space/']
['True Crime: New York City'],['https://www.mobygames.com/game/20275/true-crime-new-york-city/']
['Disney•Pixar Finding Nemo'],['https://www.mobygames.com/game/9486/disneypixar-finding-nemo/']
['Intellivision Lives!'],['https://www.mobygames.com/game/11461/intellivision-lives/']
['MLB SlugFest 2006'],['https://www.mobygames.com/game/32947/mlb-slugfest-2006/']
['Spawn: Armageddon'],['https://www.mobygames.com/game/11132/spawn-armageddon/']
['The Hobbit'],['https://www.mobygames.com/game/11289/the-hobbit/']
['Reign of Fire'],['https://www.mobygames.com/game/14594/reign-of-fire/']
['4x4 Evo 2'],['https://www.mobygames.com/game/14526/4x4-evo-2/']
['International Superstar Soccer 2'],['https://www.mobygames.com/game/11966/international-superstar-soccer-2/']
['Knights of the Temple: Infernal Crusade'],['https://www.mobygames.com/game/13860/knights-of-the-temple-infernal-crusade/']
['Mission: Impossible - Operation Surma'],['https://www.mobygames.com/game/12616/mission-impossible-operation-surma/']
['NFL Head Coach'],['https://www.mobygames.com/game/31297/nfl-head-coach/']
['Gun Metal'],['https://www.mobygames.com/game/9741/gun-metal/']
['Shattered Union'],['https://www.mobygames.com/game/33155/shattered-union/']
['Ski Racing 2006: Featuring Hermann Maier'],['https://www.mobygames.com/game/38180/ski-racing-2006-featuring-hermann-maier/']
['Worms 3D'],['https://www.mobygames.com/game/10822/worms-3d/']
['Galleon'],['https://www.mobygames.com/game/16201/galleon/']
['Conflict: Vietnam'],['https://www.mobygames.com/game/19447/conflict-vietnam/']
['Alter Echo'],['https://www.mobygames.com/game/13450/alter-echo/']
['Avatar: The Last Airbender'],['https://www.mobygames.com/game/25427/avatar-the-last-airbender/']
['SRS: Street Racing Syndicate'],['https://www.mobygames.com/game/25100/srs-street-racing-syndicate/']
['Dark Summit'],['https://www.mobygames.com/game/5372/dark-summit/']
['Test Drive: Off-Road - Wide Open'],['https://www.mobygames.com/game/11820/test-drive-off-road-wide-open/']
['Egg Mania: Eggstreme Madness'],['https://www.mobygames.com/game/50646/egg-mania-eggstreme-madness/']
"[""Tim Burton's The Nightmare Before Christmas: Oogie's Revenge""]",['https://www.mobygames.com/game/19376/tim-burtons-the-nightmare-before-christmas-oogies-revenge/']
['Conan'],['https://www.mobygames.com/game/13100/conan/']
['Inside Pitch 2003'],['https://www.mobygames.com/game/9274/inside-pitch-2003/']
['Teenage Mutant Ninja Turtles 3: Mutant Nightmare'],['https://www.mobygames.com/game/21521/teenage-mutant-ninja-turtles-3-mutant-nightmare/']
['Club Football: 2003/04 Season'],['https://www.mobygames.com/game/10879/club-football-200304-season/']
['Scooby-Doo!: Unmasked'],['https://www.mobygames.com/game/20426/scooby-doo-unmasked/']
['Ultimate Fighting Championship: Tapout 2'],['https://www.mobygames.com/game/34840/ultimate-fighting-championship-tapout-2/']
['Dynasty Warriors 5'],['https://www.mobygames.com/game/18144/dynasty-warriors-5/']
['Alien Hominid'],['https://www.mobygames.com/game/15825/alien-hominid/']
['Van Helsing'],['https://www.mobygames.com/game/16145/van-helsing/']
['Taz: Wanted'],['https://www.mobygames.com/game/8574/taz-wanted/']
['Circus Maximus: Chariot Wars'],['https://www.mobygames.com/game/8546/circus-maximus-chariot-wars/']
"[""Dragon's Lair 3D: Return to the Lair""]",['https://www.mobygames.com/game/7798/dragons-lair-3d-return-to-the-lair/']
"[""Big Bumpin'""]",['https://www.mobygames.com/game/25182/big-bumpin/']
['Ty the Tasmanian Tiger 3: Night of the Quinkan'],['https://www.mobygames.com/game/24850/ty-the-tasmanian-tiger-3-night-of-the-quinkan/']
['Run Like Hell'],['https://www.mobygames.com/game/7346/run-like-hell/']
['Micro Machines'],['https://www.mobygames.com/game/11106/micro-machines/']
['The Incredibles'],['https://www.mobygames.com/game/15595/the-incredibles/']
['Pirates of the Caribbean'],['https://www.mobygames.com/game/9613/pirates-of-the-caribbean/']
['X-Men: Next Dimension'],['https://www.mobygames.com/game/7542/x-men-next-dimension/']
['Pure Pinball: American Pinball Reborn'],['https://www.mobygames.com/game/188337/pure-pinball-american-pinball-reborn/']
['Turok: Evolution'],['https://www.mobygames.com/game/7188/turok-evolution/']
['Mace Griffin: Bounty Hunter'],['https://www.mobygames.com/game/21728/mace-griffin-bounty-hunter/']
['Manhunt'],['https://www.mobygames.com/game/11164/manhunt/']
['Rally Fusion: Race of Champions'],['https://www.mobygames.com/game/37804/rally-fusion-race-of-champions/']
['Rapala Pro Fishing'],['https://www.mobygames.com/game/14636/rapala-pro-fishing/']
['Big Mutha Truckers'],['https://www.mobygames.com/game/8964/big-mutha-truckers/']
['RollerCoaster Tycoon: Gold Edition'],['https://www.mobygames.com/game/6260/rollercoaster-tycoon-gold-edition/']
['Ford Racing 3'],['https://www.mobygames.com/game/18249/ford-racing-3/']
['State of Emergency'],['https://www.mobygames.com/game/5971/state-of-emergency/']
['Open Season'],['https://www.mobygames.com/game/23780/open-season/']
['Batman: Rise of Sin Tzu'],['https://www.mobygames.com/game/10700/batman-rise-of-sin-tzu/']
['Kao the Kangaroo: Round 2'],['https://www.mobygames.com/game/16023/kao-the-kangaroo-round-2/']
['Club Football 2005'],['https://www.mobygames.com/game/16284/club-football-2005/']
['The Matrix: Path of Neo'],['https://www.mobygames.com/game/20274/the-matrix-path-of-neo/']
"[""Dead Man's Hand""]",['https://www.mobygames.com/game/12748/dead-mans-hand/']
"[""Harry Potter and the Sorcerer's Stone""]",['https://www.mobygames.com/game/43584/harry-potter-and-the-sorcerers-stone/']
['Whacked!'],['https://www.mobygames.com/game/7692/whacked/']
['WWF Raw'],['https://www.mobygames.com/game/6920/wwf-raw/']
['Constantine'],['https://www.mobygames.com/game/17039/constantine/']
['Commandos: Strike Force'],['https://www.mobygames.com/game/21687/commandos-strike-force/']
['Hulk'],['https://www.mobygames.com/game/9403/hulk/']
['R:Racing Evolution'],['https://www.mobygames.com/game/15590/rracing-evolution/']
['Fantastic 4'],['https://www.mobygames.com/game/18891/fantastic-4/']
['Hot Wheels: Stunt Track Challenge'],['https://www.mobygames.com/game/15809/hot-wheels-stunt-track-challenge/']
['Totaled!'],['https://www.mobygames.com/game/29970/totaled/']
"['SpongeBob SquarePants: Lights, Camera, Pants!']",['https://www.mobygames.com/game/24123/spongebob-squarepants-lights-camera-pants/']
['Star Wars: Episode III - Revenge of the Sith'],['https://www.mobygames.com/game/17831/star-wars-episode-iii-revenge-of-the-sith/']
"[""Shellshock: Nam '67""]",['https://www.mobygames.com/game/14614/shellshock-nam-67/']
['FIFA Street'],['https://www.mobygames.com/game/17347/fifa-street/']
['AirForce Delta Storm'],['https://www.mobygames.com/game/25249/airforce-delta-storm/']
['FIFA Street 2'],['https://www.mobygames.com/game/23281/fifa-street-2/']
['Ghost Master: The Gravenville Chronicles'],['https://www.mobygames.com/game/23771/ghost-master-the-gravenville-chronicles/']
['The Simpsons: Road Rage'],['https://www.mobygames.com/game/5569/the-simpsons-road-rage/']
['Robotech: Invasion'],['https://www.mobygames.com/game/16119/robotech-invasion/']
['Defender'],['https://www.mobygames.com/game/7776/defender/']
['Group S Challenge'],['https://www.mobygames.com/game/47792/group-s-challenge/']
['Soldier of Fortune II: Double Helix'],['https://www.mobygames.com/game/6428/soldier-of-fortune-ii-double-helix/']
['Future Tactics: The Uprising'],['https://www.mobygames.com/game/16098/future-tactics-the-uprising/']
['Shadow Ops: Red Mercury'],['https://www.mobygames.com/game/16113/shadow-ops-red-mercury/']
['Robots'],['https://www.mobygames.com/game/19647/robots/']
['Stacked with Daniel Negreanu'],['https://www.mobygames.com/game/44151/stacked-with-daniel-negreanu/']
['Medal of Honor: Rising Sun'],['https://www.mobygames.com/game/11377/medal-of-honor-rising-sun/']
['Cel Damage'],['https://www.mobygames.com/game/5644/cel-damage/']
['Barbie Horse Adventures: Wild Horse Rescue'],['https://www.mobygames.com/game/23619/barbie-horse-adventures-wild-horse-rescue/']
['Enter the Matrix'],['https://www.mobygames.com/game/9211/enter-the-matrix/']
['Big Mutha Truckers 2'],['https://www.mobygames.com/game/18515/big-mutha-truckers-2/']
['Operation Flashpoint: Elite'],['https://www.mobygames.com/game/24184/operation-flashpoint-elite/']
['Auto Modellista'],['https://www.mobygames.com/game/9950/auto-modellista/']
['Prisoner of War: World War II'],['https://www.mobygames.com/game/7207/prisoner-of-war-world-war-ii/']
['Scooby-Doo!: Mystery Mayhem'],['https://www.mobygames.com/game/34860/scooby-doo-mystery-mayhem/']
['Futurama'],['https://www.mobygames.com/game/10076/futurama/']
['Freaky Flyers'],['https://www.mobygames.com/game/10124/freaky-flyers/']
['Namco Museum: 50th Anniversary'],['https://www.mobygames.com/game/19041/namco-museum-50th-anniversary/']
['Vietcong: Purple Haze'],['https://www.mobygames.com/game/12025/vietcong-purple-haze/']
['Samurai Shodown V'],['https://www.mobygames.com/game/26143/samurai-shodown-v/']
['Sonic Riders'],['https://www.mobygames.com/game/21419/sonic-riders/']
['Leisure Suit Larry: Magna Cum Laude'],['https://www.mobygames.com/game/15118/leisure-suit-larry-magna-cum-laude/']
['Tork: Prehistoric Punk'],['https://www.mobygames.com/game/22419/tork-prehistoric-punk/']
['Evil Dead: A Fistful of Boomstick'],['https://www.mobygames.com/game/9419/evil-dead-a-fistful-of-boomstick/']
['The Italian Job'],['https://www.mobygames.com/game/10163/the-italian-job/']
['Robin Hood: Defender of the Crown'],['https://www.mobygames.com/game/10628/robin-hood-defender-of-the-crown/']
['Capcom Fighting Evolution'],['https://www.mobygames.com/game/15706/capcom-fighting-evolution/']
['Counter-Strike'],['https://www.mobygames.com/game/165613/counter-strike/']
['Street Hoops'],['https://www.mobygames.com/game/17672/street-hoops/']
['Arena Football'],['https://www.mobygames.com/game/26449/arena-football/']
['Wallace & Gromit in Project Zoo'],['https://www.mobygames.com/game/13504/wallace-gromit-in-project-zoo/']
['Dinotopia: The Sunstone Odyssey'],['https://www.mobygames.com/game/81376/dinotopia-the-sunstone-odyssey/']
['PocketBike Racer'],['https://www.mobygames.com/game/25184/pocketbike-racer/']
['Fila World Tour Tennis'],['https://www.mobygames.com/game/42491/fila-world-tour-tennis/']
['Carve'],['https://www.mobygames.com/game/12465/carve/']
['LMA Manager 2006'],['https://www.mobygames.com/game/21362/lma-manager-2006/']
['David Beckham Soccer'],['https://www.mobygames.com/game/47754/david-beckham-soccer/']
['L. A. Rush'],['https://www.mobygames.com/game/21340/l-a-rush/']
['World Championship Poker'],['https://www.mobygames.com/game/26152/world-championship-poker/']
['Aliens Versus Predator: Extinction'],['https://www.mobygames.com/game/10020/aliens-versus-predator-extinction/']
['Playboy: The Mansion'],['https://www.mobygames.com/game/16393/playboy-the-mansion/']
['Gauntlet: Seven Sorrows'],['https://www.mobygames.com/game/20420/gauntlet-seven-sorrows/']
['Carmen Sandiego: The Secret of the Stolen Drums'],['https://www.mobygames.com/game/51564/carmen-sandiego-the-secret-of-the-stolen-drums/']
['Strike Force Bowling'],['https://www.mobygames.com/game/17428/strike-force-bowling/']
"['Ed, Edd n Eddy: The Mis-Edventures']",['https://www.mobygames.com/game/23747/ed-edd-n-eddy-the-mis-edventures/']
['Monster 4x4: World Circuit'],['https://www.mobygames.com/game/22310/monster-4x4-world-circuit/']
['Spy Hunter 2'],['https://www.mobygames.com/game/17125/spy-hunter-2/']
['Delta Force: Black Hawk Down'],['https://www.mobygames.com/game/8742/delta-force-black-hawk-down/']
['Fallout: Brotherhood of Steel'],['https://www.mobygames.com/game/13084/fallout-brotherhood-of-steel/']
['Maximum Chase'],['https://www.mobygames.com/game/24100/maximum-chase/']
['Tao Feng: Fist of the Lotus'],['https://www.mobygames.com/game/8673/tao-feng-fist-of-the-lotus/']
['The Lord of the Rings: The Fellowship of the Ring'],['https://www.mobygames.com/game/7419/the-lord-of-the-rings-the-fellowship-of-the-ring/']
['MX World Tour'],['https://www.mobygames.com/game/17483/mx-world-tour/']
['Fuzion Frenzy'],['https://www.mobygames.com/game/6916/fuzion-frenzy/']
"[""Tom Clancy's Ghost Recon: Advanced Warfighter""]",['https://www.mobygames.com/game/42346/tom-clancys-ghost-recon-advanced-warfighter/']
['Loons: The Fight for Fame'],['https://www.mobygames.com/game/16581/loons-the-fight-for-fame/']
['Over the Hedge'],['https://www.mobygames.com/game/24082/over-the-hedge/']
['Star Wars: Obi-Wan'],['https://www.mobygames.com/game/5704/star-wars-obi-wan/']
['Marvel Nemesis: Rise of the Imperfects'],['https://www.mobygames.com/game/19493/marvel-nemesis-rise-of-the-imperfects/']
['ESPN International Winter Sports 2002'],['https://www.mobygames.com/game/40808/espn-international-winter-sports-2002/']
['Dragon Ball Z: Sagas'],['https://www.mobygames.com/game/21541/dragon-ball-z-sagas/']
['World Series of Poker'],['https://www.mobygames.com/game/44116/world-series-of-poker/']
['Ultimate Beach Soccer'],['https://www.mobygames.com/game/51592/ultimate-beach-soccer/']
['Judge Dredd: Dredd vs Death'],['https://www.mobygames.com/game/10742/judge-dredd-dredd-vs-death/']
['SeaBlade'],['https://www.mobygames.com/game/10111/seablade/']
['SVC Chaos: SNK vs. Capcom'],['https://www.mobygames.com/game/18088/svc-chaos-snk-vs-capcom/']
['Zapper: One Wicked Cricket!'],['https://www.mobygames.com/game/7714/zapper-one-wicked-cricket/']
['WarPath'],['https://www.mobygames.com/game/23208/warpath/']
['Unreal II: The Awakening'],['https://www.mobygames.com/game/8377/unreal-ii-the-awakening/']
['GoldenEye: Rogue Agent'],['https://www.mobygames.com/game/15848/goldeneye-rogue-agent/']
['New Legends'],['https://www.mobygames.com/game/6115/new-legends/']
['Triple Play 2002'],['https://www.mobygames.com/game/7167/triple-play-2002/']
['Rayman Arena'],['https://www.mobygames.com/game/5526/rayman-arena/']
['World Racing 2'],['https://www.mobygames.com/game/22600/world-racing-2/']
['Legends of Wrestling'],['https://www.mobygames.com/game/6914/legends-of-wrestling/']
['Ford Bold Moves Street Racing'],['https://www.mobygames.com/game/28304/ford-bold-moves-street-racing/']
['CSI: Crime Scene Investigation'],['https://www.mobygames.com/game/16461/csi-crime-scene-investigation/']
['Nightcaster: Defeat the Darkness'],['https://www.mobygames.com/game/6915/nightcaster-defeat-the-darkness/']
['Arctic Thunder'],['https://www.mobygames.com/game/8901/arctic-thunder/']
['Frogger: Ancient Shadow'],['https://www.mobygames.com/game/27945/frogger-ancient-shadow/']
['Antz Extreme Racing'],['https://www.mobygames.com/game/7479/antz-extreme-racing/']
['Spikeout: Battle Street'],['https://www.mobygames.com/game/18511/spikeout-battle-street/']
['Monopoly Party'],['https://www.mobygames.com/game/8587/monopoly-party/']
['Speed Kings'],['https://www.mobygames.com/game/21364/speed-kings/']
['Teenage Mutant Ninja Turtles 2: Battle Nexus'],['https://www.mobygames.com/game/16667/teenage-mutant-ninja-turtles-2-battle-nexus/']
['Superman Returns'],['https://www.mobygames.com/game/25245/superman-returns/']
['Blade II'],['https://www.mobygames.com/game/9646/blade-ii/']
"[""Knight's Apprentice: Memorick's Adventures""]",['https://www.mobygames.com/game/17544/knights-apprentice-memoricks-adventures/']
['Toxic Grind'],['https://www.mobygames.com/game/31055/toxic-grind/']
['The Dukes of Hazzard: Return of the General Lee'],['https://www.mobygames.com/game/18798/the-dukes-of-hazzard-return-of-the-general-lee/']
['Crouching Tiger Hidden Dragon'],['https://www.mobygames.com/game/18762/crouching-tiger-hidden-dragon/']
['Combat: Task Force 121'],['https://www.mobygames.com/game/19782/combat-task-force-121/']
['Tetris Worlds'],['https://www.mobygames.com/game/5063/tetris-worlds/']
['Showdown: Legends of Wrestling'],['https://www.mobygames.com/game/14561/showdown-legends-of-wrestling/']
['Reservoir Dogs'],['https://www.mobygames.com/game/23746/reservoir-dogs/']
['Bicycle Casino'],['https://www.mobygames.com/game/19114/bicycle-casino/']
['Worms Forts: Under Siege'],['https://www.mobygames.com/game/19064/worms-forts-under-siege/']
['Crusty Demons'],['https://www.mobygames.com/game/30239/crusty-demons/']
['Top Gear: RPM Tuning'],['https://www.mobygames.com/game/16101/top-gear-rpm-tuning/']
['BMX XXX'],['https://www.mobygames.com/game/8683/bmx-xxx/']
['ESPN NFL Primetime 2002'],['https://www.mobygames.com/game/10298/espn-nfl-primetime-2002/']
['Lotus Challenge'],['https://www.mobygames.com/game/25438/lotus-challenge/']
['Shrek: Super Party'],['https://www.mobygames.com/game/9346/shrek-super-party/']
['WWE WrestleMania 21'],['https://www.mobygames.com/game/29749/wwe-wrestlemania-21/']
['Gungriffon: Allied Strike'],['https://www.mobygames.com/game/49042/gungriffon-allied-strike/']
['Black Stone: Magic & Steel'],['https://www.mobygames.com/game/9281/black-stone-magic-steel/']
['Beat Down: Fists of Vengeance'],['https://www.mobygames.com/game/30649/beat-down-fists-of-vengeance/']
['SPLAT Magazine: Renegade Paintball'],['https://www.mobygames.com/game/81920/splat-magazine-renegade-paintball/']
['Driv3r'],['https://www.mobygames.com/game/13723/driv3r/']
['The Terminator: Dawn of Fate'],['https://www.mobygames.com/game/9481/the-terminator-dawn-of-fate/']
['X-Men: The Official Game'],['https://www.mobygames.com/game/23248/x-men-the-official-game/']
['Teenage Mutant Ninja Turtles'],['https://www.mobygames.com/game/10839/teenage-mutant-ninja-turtles/']
['50 Cent: Bulletproof'],['https://www.mobygames.com/game/20457/50-cent-bulletproof/']
['187: Ride or Die'],['https://www.mobygames.com/game/24079/187-ride-or-die/']
['GrooveRider: Slot Car Thunder'],['https://www.mobygames.com/game/14404/grooverider-slot-car-thunder/']
['WinBack 2: Project Poseidon'],['https://www.mobygames.com/game/35275/winback-2-project-poseidon/']
['Dead to Rights II'],['https://www.mobygames.com/game/21525/dead-to-rights-ii/']
['TMNT: Mutant Melee'],['https://www.mobygames.com/game/23633/tmnt-mutant-melee/']
['Kakuto Chojin: Back Alley Brutal'],['https://www.mobygames.com/game/8385/kakuto-chojin-back-alley-brutal/']
['Motocross Mania 3'],['https://www.mobygames.com/game/22456/motocross-mania-3/']
['Alfa Romeo Racing Italiano'],['https://www.mobygames.com/game/17840/alfa-romeo-racing-italiano/']
['Sneak King'],['https://www.mobygames.com/game/25162/sneak-king/']
['Stolen'],['https://www.mobygames.com/game/17266/stolen/']
['Family Guy Video Game!'],['https://www.mobygames.com/game/24632/family-guy-video-game/']
['Spy Hunter: Nowhere to Run'],['https://www.mobygames.com/game/30329/spy-hunter-nowhere-to-run/']
['Nightcaster II: Equinox'],['https://www.mobygames.com/game/16203/nightcaster-ii-equinox/']
"[""Backyard Wrestling: Don't Try This at Home""]",['https://www.mobygames.com/game/10972/backyard-wrestling-dont-try-this-at-home/']
['SX Superstar'],['https://www.mobygames.com/game/9971/sx-superstar/']
['Mike Tyson Heavyweight Boxing'],['https://www.mobygames.com/game/7008/mike-tyson-heavyweight-boxing/']
"[""James Cameron's Dark Angel""]",['https://www.mobygames.com/game/8815/james-camerons-dark-angel/']
['Azurik: Rise of Perathia'],['https://www.mobygames.com/game/5421/azurik-rise-of-perathia/']
['Yu-Gi-Oh!: The Dawn of Destiny'],['https://www.mobygames.com/game/12719/yu-gi-oh-the-dawn-of-destiny/']
"[""Army Men: Sarge's War""]",['https://www.mobygames.com/game/15226/army-men-sarges-war/']
['The Great Escape'],['https://www.mobygames.com/game/12766/the-great-escape/']
['Gravity Games Bike: Street • Vert • Dirt'],['https://www.mobygames.com/game/152053/gravity-games-bike-street-vert-dirt/']
['American Chopper'],['https://www.mobygames.com/game/24400/american-chopper/']
['Classified: The Sentinel Crisis'],['https://www.mobygames.com/game/22669/classified-the-sentinel-crisis/']
['Zathura'],['https://www.mobygames.com/game/56942/zathura/']
['Bionicle'],['https://www.mobygames.com/game/11487/bionicle/']
['Eragon'],['https://www.mobygames.com/game/31307/eragon/']
"[""Land of the Dead: Road to Fiddler's Green""]",['https://www.mobygames.com/game/19780/land-of-the-dead-road-to-fiddlers-green/']
['Jaws: Unleashed'],['https://www.mobygames.com/game/22611/jaws-unleashed/']
['AND 1 Streetball'],['https://www.mobygames.com/game/22692/and-1-streetball/']
['Tecmo Classic Arcade'],['https://www.mobygames.com/game/19308/tecmo-classic-arcade/']
['Hummer: Badlands'],['https://www.mobygames.com/game/23185/hummer-badlands/']
['Superman: The Man of Steel'],['https://www.mobygames.com/game/9238/superman-the-man-of-steel/']
['Iron Phoenix'],['https://www.mobygames.com/game/18560/iron-phoenix/']
['The Guy Game'],['https://www.mobygames.com/game/29522/the-guy-game/']
['Red Ninja: End of Honor'],['https://www.mobygames.com/game/17226/red-ninja-end-of-honor/']
['Backyard Wrestling 2: There Goes the Neighborhood'],['https://www.mobygames.com/game/16253/backyard-wrestling-2-there-goes-the-neighborhood/']
['Shadow the Hedgehog'],['https://www.mobygames.com/game/20907/shadow-the-hedgehog/']
['Shrek'],['https://www.mobygames.com/game/9345/shrek/']
['Minority Report: Everybody Runs'],['https://www.mobygames.com/game/12875/minority-report-everybody-runs/']
['Malice'],['https://www.mobygames.com/game/23508/malice/']
['Predator: Concrete Jungle'],['https://www.mobygames.com/game/18760/predator-concrete-jungle/']
['Murakumo: Renegade Mech Pursuit'],['https://www.mobygames.com/game/34791/murakumo-renegade-mech-pursuit/']
['Star Trek: Shattered Universe'],['https://www.mobygames.com/game/16850/star-trek-shattered-universe/']
['Metal Dungeon'],['https://www.mobygames.com/game/31853/metal-dungeon/']
['Spy vs Spy'],['https://www.mobygames.com/game/23927/spy-vs-spy/']
['Dino Crisis 3'],['https://www.mobygames.com/game/10392/dino-crisis-3/']
['Smashing Drive'],['https://www.mobygames.com/game/7085/smashing-drive/']
['The Da Vinci Code'],['https://www.mobygames.com/game/22827/the-da-vinci-code/']
['Bad Boys: Miami Takedown'],['https://www.mobygames.com/game/27995/bad-boys-miami-takedown/']
['RoboCop'],['https://www.mobygames.com/game/10584/robocop/']
['NARC'],['https://www.mobygames.com/game/18388/narc/']
['Xiaolin Showdown'],['https://www.mobygames.com/game/26311/xiaolin-showdown/']
['25 to Life'],['https://www.mobygames.com/game/22727/25-to-life/']
['Mob Enforcer'],['https://www.mobygames.com/game/18108/mob-enforcer/']
['Catwoman'],['https://www.mobygames.com/game/14721/catwoman/']
['Without Warning'],['https://www.mobygames.com/game/21489/without-warning/']
['Army Men: Major Malfunction'],['https://www.mobygames.com/game/46682/army-men-major-malfunction/']
['Sneakers'],['https://www.mobygames.com/game/45721/sneakers/']
['Charlie and the Chocolate Factory'],['https://www.mobygames.com/game/18796/charlie-and-the-chocolate-factory/']
['Pulse Racer'],['https://www.mobygames.com/game/46680/pulse-racer/']
['Torino 2006'],['https://www.mobygames.com/game/21132/torino-2006/']
"['Final Fight: ""Streetwise""']",['https://www.mobygames.com/game/21516/final-fight-streetwise/']
['Bruce Lee: Quest of the Dragon'],['https://www.mobygames.com/game/6913/bruce-lee-quest-of-the-dragon/']
['Stake: Fortune Fighters'],['https://www.mobygames.com/game/9276/stake-fortune-fighters/']
['Kabuki Warriors'],['https://www.mobygames.com/game/10791/kabuki-warriors/']
['MTV Celebrity Deathmatch'],['https://www.mobygames.com/game/13489/mtv-celebrity-deathmatch/']
['Crime Life: Gang Wars'],['https://www.mobygames.com/game/21937/crime-life-gang-wars/']
['Batman: Dark Tomorrow'],['https://www.mobygames.com/game/15589/batman-dark-tomorrow/']
['Fight Club'],['https://www.mobygames.com/game/16303/fight-club/']
['Terminator 3: Rise of the Machines'],['https://www.mobygames.com/game/21122/terminator-3-rise-of-the-machines/']
['Drake of the 99 Dragons'],['https://www.mobygames.com/game/19163/drake-of-the-99-dragons/']
['Aquaman: Battle for Atlantis'],['https://www.mobygames.com/game/15109/aquaman-battle-for-atlantis/']
['2 Games in 1: Shrek 2 / Shark Tale'],['https://www.mobygames.com/game/139960/2-games-in-1-shrek-2-shark-tale/']
['2 in 1 Combo Pack: Sonic Heroes & Super Monkey Ball Deluxe'],['https://www.mobygames.com/game/138642/2-in-1-combo-pack-sonic-heroes-super-monkey-ball-deluxe/']
['2 in 1 Combo Pack: Sonic Mega Collection Plus & Super...'],['https://www.mobygames.com/game/139959/2-in-1-combo-pack-sonic-mega-collection-plus-super-monkey-ball-d/']
['AFL Live 2003'],['https://www.mobygames.com/game/10499/afl-live-2003/']
['AFL Live 2004'],['https://www.mobygames.com/game/10500/afl-live-2004/']
['AFL Live: Premiership Edition'],['https://www.mobygames.com/game/18155/afl-live-premiership-edition/']
['AFL Premiership 2005'],['https://www.mobygames.com/game/19681/afl-premiership-2005/']
"[""America's Army: Rise of a Soldier (Special Edition)""]",['https://www.mobygames.com/game/21818/americas-army-rise-of-a-soldier-special-edition/']
['American Chopper 2: Full Throttle'],['https://www.mobygames.com/game/25251/american-chopper-2-full-throttle/']
['AMF Bowling 2004'],['https://www.mobygames.com/game/16200/amf-bowling-2004/']
['AMF Xtreme Bowling'],['https://www.mobygames.com/game/25270/amf-xtreme-bowling/']
['Angelic Concert'],['https://www.mobygames.com/game/190388/angelic-concert/']
['Animaniacs: The Great Edgar Hunt'],['https://www.mobygames.com/game/20911/animaniacs-the-great-edgar-hunt/']
['Aoi Namida (Shokaiban)'],['https://www.mobygames.com/game/77607/aoi-namida-shokaiban/']
['AstroPop Deluxe'],['https://www.mobygames.com/game/16122/astropop-deluxe/']
['Barbarian'],['https://www.mobygames.com/game/73303/barbarian/']
['Bass Pro Shops: Trophy Bass 2007'],['https://www.mobygames.com/game/120419/bass-pro-shops-trophy-bass-2007/']
['Bass Pro Shops: Trophy Hunter 2007'],['https://www.mobygames.com/game/120456/bass-pro-shops-trophy-hunter-2007/']
['Beats of Rage'],['https://www.mobygames.com/game/60501/beats-of-rage/']
['Bejeweled: Deluxe'],['https://www.mobygames.com/game/5095/bejeweled-deluxe/']
['Biniax 2'],['https://www.mobygames.com/game/131938/biniax-2/']
['Bistro Cupid (Doki Doki Recipe Box)'],['https://www.mobygames.com/game/200223/bistro-cupid-doki-doki-recipe-box/']
"[""Breeders' Cup World Thoroughbred Championships""]",['https://www.mobygames.com/game/31286/breeders-cup-world-thoroughbred-championships/']
['Brian Lara International Cricket 2005'],['https://www.mobygames.com/game/18512/brian-lara-international-cricket-2005/']
"[""Cabela's Big Game Hunter 2005 Adventures""]",['https://www.mobygames.com/game/14719/cabelas-big-game-hunter-2005-adventures/']
"[""Cabela's Dangerous Hunts""]",['https://www.mobygames.com/game/14638/cabelas-dangerous-hunts/']
"[""Cabela's Dangerous Hunts 2""]",['https://www.mobygames.com/game/50487/cabelas-dangerous-hunts-2/']
"[""Cabela's Deer Hunt: 2004 Season""]",['https://www.mobygames.com/game/14639/cabelas-deer-hunt-2004-season/']
"[""Cabela's Deer Hunt: 2005 Season""]",['https://www.mobygames.com/game/14637/cabelas-deer-hunt-2005-season/']
"[""Cabela's Outdoor Adventures""]",['https://www.mobygames.com/game/120333/cabelas-outdoor-adventures/']
"[""Call of Duty 2: Big Red One (Collector's Edition)""]",['https://www.mobygames.com/game/20020/call-of-duty-2-big-red-one-collectors-edition/']
['Castle Shikigami 2'],['https://www.mobygames.com/game/28901/castle-shikigami-2/']
['Castle Shikigami II (Limited Edition)'],['https://www.mobygames.com/game/221438/castle-shikigami-ii-limited-edition/']
['Championship Bowling'],['https://www.mobygames.com/game/143504/championship-bowling/']
['Championship Manager 2006'],['https://www.mobygames.com/game/42448/championship-manager-2006/']
['Championship Manager 5'],['https://www.mobygames.com/game/17504/championship-manager-5/']
['Championship Manager: Season 02/03'],['https://www.mobygames.com/game/8550/championship-manager-season-0203/']
['Chessmaster 10th Edition'],['https://www.mobygames.com/game/22112/chessmaster-10th-edition/']
['Codename: Kids Next Door - Operation: V.I.D.E.O.G.A.M.E.'],['https://www.mobygames.com/game/23193/codename-kids-next-door-operation-videogame/']
['Combat★Elite: WWII Paratroopers'],['https://www.mobygames.com/game/85874/combatelite-wwii-paratroopers/']
['Conspiracy: Weapons of Mass Destruction'],['https://www.mobygames.com/game/23182/conspiracy-weapons-of-mass-destruction/']
['Corvette'],['https://www.mobygames.com/game/14283/corvette/']
['Crash Superpack: 2 Super Games - Crash Nitro Kart /...'],['https://www.mobygames.com/game/139958/crash-superpack-2-super-games-crash-nitro-kart-crash-bandicoot-t/']
['Cricket 2005'],['https://www.mobygames.com/game/18521/cricket-2005/']
['Cupid Bistro!!'],['https://www.mobygames.com/game/160943/cupid-bistro/']
['Cupid Bistro!! 2'],['https://www.mobygames.com/game/160945/cupid-bistro-2/']
['Curious George'],['https://www.mobygames.com/game/74649/curious-george/']
['Daemon Vector'],['https://www.mobygames.com/game/43304/daemon-vector/']
"[""Dakar 2: The World's Ultimate Rally""]",['https://www.mobygames.com/game/9726/dakar-2-the-worlds-ultimate-rally/']
['Dance:UK'],['https://www.mobygames.com/game/11999/danceuk/']
['Dennou Taisen DroneZ'],['https://www.mobygames.com/game/77695/dennou-taisen-dronez/']
['Digimon World 4'],['https://www.mobygames.com/game/65148/digimon-world-4/']
['Dino and Aliens'],['https://www.mobygames.com/game/26067/dino-and-aliens/']
['Disney/Pixar Finding Nemo / Disney presents a Pixar...'],['https://www.mobygames.com/game/47768/disneypixar-finding-nemo-disney-presents-a-pixar-film-the-incred/']
['Disney•Pixar Ratatouille'],['https://www.mobygames.com/game/80938/disneypixar-ratatouille/']
"[""Doom³ (Limited Collector's Edition)""]",['https://www.mobygames.com/game/18070/doom3-limited-collectors-edition/']
['Double S.T.E.A.L: The Second Clash'],['https://www.mobygames.com/game/48122/double-steal-the-second-clash/']
"[""Dr. Seuss' The Cat in the Hat""]",['https://www.mobygames.com/game/12451/dr-seuss-the-cat-in-the-hat/']
['Drihoo'],['https://www.mobygames.com/game/155556/drihoo/']
['England International Football'],['https://www.mobygames.com/game/72452/england-international-football/']
['Escape 03'],['https://www.mobygames.com/game/175583/escape-03/']
['ESPN MLS ExtraTime 2002'],['https://www.mobygames.com/game/152223/espn-mls-extratime-2002/']
['ESPN NBA 2Night 2002'],['https://www.mobygames.com/game/34743/espn-nba-2night-2002/']
['Evil Dead (Special Movie Edition)'],['https://www.mobygames.com/game/38834/evil-dead-special-movie-edition/']
['Exaskeleton'],['https://www.mobygames.com/game/48248/exaskeleton/']
['Fable (Preorder Edition)'],['https://www.mobygames.com/game/199480/fable-preorder-edition/']
['First Battalion'],['https://www.mobygames.com/game/22221/first-battalion/']
['Flight Academy'],['https://www.mobygames.com/game/38869/flight-academy/']
['Ford Vs. Chevy'],['https://www.mobygames.com/game/24616/ford-vs-chevy/']
['Freestyle Street Soccer'],['https://www.mobygames.com/game/38050/freestyle-street-soccer/']
['Frogger Beyond'],['https://www.mobygames.com/game/9254/frogger-beyond/']
['Furious Karting'],['https://www.mobygames.com/game/83721/furious-karting/']
['Gene Troopers'],['https://www.mobygames.com/game/22614/gene-troopers/']
['Gotcha! Extreme Paintball'],['https://www.mobygames.com/game/16364/gotcha-extreme-paintball/']
['Grand Theft Auto: The Trilogy'],['https://www.mobygames.com/game/20318/grand-theft-auto-the-trilogy/']
['Guilty Gear Isuka'],['https://www.mobygames.com/game/24328/guilty-gear-isuka/']
['Halo Triple Pack'],['https://www.mobygames.com/game/19856/halo-triple-pack/']
['Hardwood Solitaire III'],['https://www.mobygames.com/game/71467/hardwood-solitaire-iii/']
['Hello Kitty: Roller Rescue'],['https://www.mobygames.com/game/21096/hello-kitty-roller-rescue/']
['High Rollers Casino'],['https://www.mobygames.com/game/75127/high-rollers-casino/']
['IHRA Drag Racing 2004'],['https://www.mobygames.com/game/14401/ihra-drag-racing-2004/']
['IHRA Drag Racing: Sportsman Edition'],['https://www.mobygames.com/game/152404/ihra-drag-racing-sportsman-edition/']
['IHRA Professional Drag Racing 2005'],['https://www.mobygames.com/game/46681/ihra-professional-drag-racing-2005/']
['Innocent Tears'],['https://www.mobygames.com/game/18408/innocent-tears/']
['Jacked'],['https://www.mobygames.com/game/21532/jacked/']
['Knights of the Temple II'],['https://www.mobygames.com/game/21235/knights-of-the-temple-ii/']
"[""l'Abbaye des Morts""]",['https://www.mobygames.com/game/60475/labbaye-des-morts/']
['Largo Winch: Empire Under Threat'],['https://www.mobygames.com/game/7566/largo-winch-empire-under-threat/']
['Le Tour de France'],['https://www.mobygames.com/game/44122/le-tour-de-france/']
['Leisure Suit Larry: Magna Cum Laude (Uncut and Uncensored!)'],['https://www.mobygames.com/game/16003/leisure-suit-larry-magna-cum-laude-uncut-and-uncensored/']
['LMA Manager 2003'],['https://www.mobygames.com/game/10863/lma-manager-2003/']
['Madden NFL 08'],['https://www.mobygames.com/game/31860/madden-nfl-08/']
['Madden NFL 09'],['https://www.mobygames.com/game/73471/madden-nfl-09/']
['Magatama'],['https://www.mobygames.com/game/40341/magatama/']
['Magi Death Fight!'],['https://www.mobygames.com/game/65573/magi-death-fight/']
['Major League Baseball 2K5: World Series 05 Edition'],['https://www.mobygames.com/game/150955/major-league-baseball-2k5-world-series-05-edition/']
['Major League Baseball 2K7'],['https://www.mobygames.com/game/33944/major-league-baseball-2k7/']
['Manchester United Manager 2005'],['https://www.mobygames.com/game/21774/manchester-united-manager-2005/']
['Marble Blast'],['https://www.mobygames.com/game/15240/marble-blast/']
"[""Marc Ecko's Getting Up: Contents Under Pressure (Limited Edition)""]",['https://www.mobygames.com/game/21932/marc-eckos-getting-up-contents-under-pressure-limited-edition/']
['MechAssault 2: Lone Wolf (Limited Edition)'],['https://www.mobygames.com/game/42234/mechassault-2-lone-wolf-limited-edition/']
['Melbourne Cup Challenge'],['https://www.mobygames.com/game/105931/melbourne-cup-challenge/']
['Metal Slug 4'],['https://www.mobygames.com/game/20003/metal-slug-4/']
['Metal Slug 5'],['https://www.mobygames.com/game/20094/metal-slug-5/']
['Metal Wolf Chaos'],['https://www.mobygames.com/game/40881/metal-wolf-chaos/']
['Miami Vice'],['https://www.mobygames.com/game/27243/miami-vice/']
['Mobile Light Force 2'],['https://www.mobygames.com/game/21312/mobile-light-force-2/']
['Mojo!'],['https://www.mobygames.com/game/41946/mojo/']
['Monster Garage'],['https://www.mobygames.com/game/12312/monster-garage/']
['Mortal Kombat: Deception - Premium Pack'],['https://www.mobygames.com/game/15134/mortal-kombat-deception-premium-pack/']
['Ms. Pac-Man'],['https://www.mobygames.com/game/576/ms-pac-man/']
['MTV: Music Generator 3'],['https://www.mobygames.com/game/60952/mtv-music-generator-3/']
['Mutant Storm'],['https://www.mobygames.com/game/14930/mutant-storm/']
['N.U.D.E.@: Natural Ultimate Digital Experiment'],['https://www.mobygames.com/game/11783/nude-natural-ultimate-digital-experiment/']
['Namco Vintage'],['https://www.mobygames.com/game/70276/namco-vintage/']
['NBA Starting Five'],['https://www.mobygames.com/game/76603/nba-starting-five/']
['NCAA Football 08'],['https://www.mobygames.com/game/39589/ncaa-football-08/']
['NCAA Football 2005 / Top Spin'],['https://www.mobygames.com/game/46668/ncaa-football-2005-top-spin/']
['Need for Speed: Most Wanted (Black Edition)'],['https://www.mobygames.com/game/20141/need-for-speed-most-wanted-black-edition/']
['Neighbors from Hell'],['https://www.mobygames.com/game/89871/neighbors-from-hell/']
['Nickelodeon Party Blast'],['https://www.mobygames.com/game/92424/nickelodeon-party-blast/']
['Nobunaga no Yabō: Ranseiki'],['https://www.mobygames.com/game/138105/nobunaga-no-yabo-ranseiki/']
['NRL Rugby League'],['https://www.mobygames.com/game/20694/nrl-rugby-league/']
['Outlaw Golf: 9 More Holes of X-Mas'],['https://www.mobygames.com/game/11462/outlaw-golf-9-more-holes-of-x-mas/']
['Outlaw Golf: Holiday Golf'],['https://www.mobygames.com/game/11464/outlaw-golf-holiday-golf/']
['Outlaw Volleyball: Red Hot'],['https://www.mobygames.com/game/11465/outlaw-volleyball-red-hot/']
['Pilot Down: Behind Enemy Lines'],['https://www.mobygames.com/game/21843/pilot-down-behind-enemy-lines/']
['Plus Plumb 2'],['https://www.mobygames.com/game/209494/plus-plumb-2/']
['Pool:shark 2'],['https://www.mobygames.com/game/43021/poolshark-2/']
['Pro Cast: Sports Fishing Game'],['https://www.mobygames.com/game/144996/pro-cast-sports-fishing-game/']
['Pro Fishing Challenge'],['https://www.mobygames.com/game/143512/pro-fishing-challenge/']
['Pro Pinball: Trilogy'],['https://www.mobygames.com/game/23245/pro-pinball-trilogy/']
['Psyvariar 2'],['https://www.mobygames.com/game/15858/psyvariar-2/']
['Pump It Up: Exceed'],['https://www.mobygames.com/game/75188/pump-it-up-exceed/']
['R/C Helicopter: Indoor Flight Simulation'],['https://www.mobygames.com/game/8993/rc-helicopter-indoor-flight-simulation/']
['Rent A Hero No. 1'],['https://www.mobygames.com/game/39089/rent-a-hero-no-1/']
['Ricochet: Lost Worlds'],['https://www.mobygames.com/game/14137/ricochet-lost-worlds/']
['Robot Wars: Extreme Destruction'],['https://www.mobygames.com/game/8316/robot-wars-extreme-destruction/']
"[""Robotech: Battlecry (Collector's Edition)""]",['https://www.mobygames.com/game/21425/robotech-battlecry-collectors-edition/']
['Rolling'],['https://www.mobygames.com/game/20411/rolling/']
['Room Zoom: Race for Impact'],['https://www.mobygames.com/game/97531/room-zoom-race-for-impact/']
['Rugby Challenge 2006'],['https://www.mobygames.com/game/73892/rugby-challenge-2006/']
['Rugby League 2'],['https://www.mobygames.com/game/21027/rugby-league-2/']
['Sega GT 2002 / JSRF: Jet Set Radio Future'],['https://www.mobygames.com/game/39340/sega-gt-2002-jsrf-jet-set-radio-future/']
"[""Shamu's Deep Sea Adventures""]",['https://www.mobygames.com/game/95496/shamus-deep-sea-adventures/']
['Shin Megami Tensei Nine'],['https://www.mobygames.com/game/11059/shin-megami-tensei-nine/']
['Shrek 2 VS 212 Fragrance'],['https://www.mobygames.com/game/159105/shrek-2-vs-212-fragrance/']
['Star Wars: The Clone Wars / Tetris Worlds'],['https://www.mobygames.com/game/47314/star-wars-the-clone-wars-tetris-worlds/']
['Super Bubble Pop'],['https://www.mobygames.com/game/10211/super-bubble-pop/']
['Super Collapse! II'],['https://www.mobygames.com/game/14120/super-collapse-ii/']
['Super Mario War'],['https://www.mobygames.com/game/214899/super-mario-war/']
['Taito Legends 2'],['https://www.mobygames.com/game/22019/taito-legends-2/']
['Teen Titans'],['https://www.mobygames.com/game/26100/teen-titans/']
['Tenerezza'],['https://www.mobygames.com/game/16570/tenerezza/']
['The Beast'],['https://www.mobygames.com/game/12436/the-beast/']
['The Bible Game'],['https://www.mobygames.com/game/67215/the-bible-game/']
"[""The Fairly OddParents!: Breakin' da Rules""]",['https://www.mobygames.com/game/87962/the-fairly-oddparents-breakin-da-rules/']
['The Godfather (Limited Edition)'],['https://www.mobygames.com/game/21875/the-godfather-limited-edition/']
['The Hustle: Detroit Streets'],['https://www.mobygames.com/game/26797/the-hustle-detroit-streets/']
['The King of Fighters 2002: Challenge to Ultimate Battle'],['https://www.mobygames.com/game/9996/the-king-of-fighters-2002-challenge-to-ultimate-battle/']
['The King of Fighters 2003'],['https://www.mobygames.com/game/18098/the-king-of-fighters-2003/']
['The Legend of Spyro: A New Beginning'],['https://www.mobygames.com/game/47552/the-legend-of-spyro-a-new-beginning/']
['The Wild Rings'],['https://www.mobygames.com/game/172687/the-wild-rings/']
['ThinkTanks'],['https://www.mobygames.com/game/26717/thinktanks/']
['Thousand Land'],['https://www.mobygames.com/game/172483/thousand-land/']
['Tom and Jerry in War of the Whiskers'],['https://www.mobygames.com/game/8654/tom-and-jerry-in-war-of-the-whiskers/']
"[""Tom Clancy's Classic Trilogy""]",['https://www.mobygames.com/game/22673/tom-clancys-classic-trilogy/']
"[""Tom Clancy's Splinter Cell: Chaos Theory (Limited...""]",['https://www.mobygames.com/game/17346/tom-clancys-splinter-cell-chaos-theory-limited-collectors-editio/']
['Total Club Manager 2004'],['https://www.mobygames.com/game/12021/total-club-manager-2004/']
['Total Club Manager 2005'],['https://www.mobygames.com/game/21718/total-club-manager-2005/']
['Triangle Again'],['https://www.mobygames.com/game/63237/triangle-again/']
['Triangle Again 2'],['https://www.mobygames.com/game/65329/triangle-again-2/']
['Trigger Man'],['https://www.mobygames.com/game/42552/trigger-man/']
"[""True Crime: New York City (Collector's Edition)""]",['https://www.mobygames.com/game/22918/true-crime-new-york-city-collectors-edition/']
['Ultra Bust-a-Move'],['https://www.mobygames.com/game/142314/ultra-bust-a-move/']
['Virtual Pool: Tournament Edition'],['https://www.mobygames.com/game/152016/virtual-pool-tournament-edition/']
['Volvo: Drive For Life'],['https://www.mobygames.com/game/48249/volvo-drive-for-life/']
['WCR: World Championship Rugby'],['https://www.mobygames.com/game/42896/wcr-world-championship-rugby/']
['Whiteout'],['https://www.mobygames.com/game/19429/whiteout/']
['World Championship Snooker 2003'],['https://www.mobygames.com/game/10978/world-championship-snooker-2003/']
['World Poker Tour'],['https://www.mobygames.com/game/52103/world-poker-tour/']
['World War II Combat: Iwo Jima'],['https://www.mobygames.com/game/23487/world-war-ii-combat-iwo-jima/']
['World War II Combat: Road to Berlin'],['https://www.mobygames.com/game/19783/world-war-ii-combat-road-to-berlin/']
['WTA Tour Tennis'],['https://www.mobygames.com/game/145007/wta-tour-tennis/']
['Yetisports: Arctic Adventures'],['https://www.mobygames.com/game/95777/yetisports-arctic-adventures/']
['Yourself!Fitness'],['https://www.mobygames.com/game/76781/yourselffitness/']
['Zuma Deluxe'],['https://www.mobygames.com/game/11509/zuma-deluxe/']
